vehicleTypeId,seatingCapacity,standingRoomCapacity,lengthInMeter,primaryFuelType,primaryFuelConsumptionInJoulePerMeter,primaryFuelCapacityInJoule,primaryVehicleEnergyFile,secondaryFuelType,secondaryFuelConsumptionInJoulePerMeter,secondaryVehicleEnergyFile,secondaryFuelCapacityInJoule,automationLevel,maxVelocity,passengerCarUnit,rechargeLevel2RateLimitInWatts,rechargeLevel3RateLimitInWatts,vehicleCategory,sampleProbabilityWithinCategory,sampleProbabilityString
2022_Honda_Odysseyc6,4,0,4.5,electricity,1.0,46800000.0,Baseline_FASTSimData_Representative_Vehicles_lookup_tables_output/2022_electric_Honda_Odysseyc6_Charge_Depleting_lookup_table.csv.gz,gasoline,1000.0,Baseline_FASTSimData_Representative_Vehicles_lookup_tables_output/2022_gasoline_Honda_Odysseyc6_Charge_Sustaining_lookup_table.csv.gz,40000000000.0,1,,,,,Car,0.0040727612417974,ridehail | all:0.0040727612417974; income | all:0.0040727612417974
2022_Toyota_Prius_v,4,0,4.5,gasoline,1.0,40000000000.0,Baseline_FASTSimData_Representative_Vehicles_lookup_tables_output/2022_gasoline_Toyota_Prius_v_lookup_table.csv.gz,,,,,1,,,,,Car,0.0008159578382069,ridehail | all:0.0008159578382069; income | all:0.0008159578382069
2022_Buick_LaCrosse_eAssist,4,0,4.5,gasoline,1.0,40000000000.0,Baseline_FASTSimData_Representative_Vehicles_lookup_tables_output/2022_gasoline_Buick_LaCrosse_eAssist_lookup_table.csv.gz,,,,,1,,,,,Car,0.0263516534172138,ridehail | all:0.0263516534172138; income | all:0.0263516534172138
2022_Ram_1500_4WDc6,4,0,4.5,electricity,1.0,46800000.0,Baseline_FASTSimData_Representative_Vehicles_lookup_tables_output/2022_electric_Ram_1500_4WDc6_Charge_Depleting_lookup_table.csv.gz,gasoline,1000.0,Baseline_FASTSimData_Representative_Vehicles_lookup_tables_output/2022_gasoline_Ram_1500_4WDc6_Charge_Sustaining_lookup_table.csv.gz,40000000000.0,1,,,,,Car,0.0025356801611956,ridehail | all:0.0025356801611956; income | all:0.0025356801611956
2022_Tesla_Model_S_(60_kW-hr_battery_pack),4,0,4.5,electricity,1.0,234359999.99999997,Baseline_FASTSimData_Representative_Vehicles_lookup_tables_output/2022_electric_Tesla_Model_S_(60_kW-hr_battery_pack)_lookup_table.csv.gz,,,,,1,,,,,Car,0.0490613717564972,ridehail | all:0.0490613717564972; income | all:0.0490613717564972
2022_Kia_Optimac4,4,0,4.5,electricity,1.0,46800000.0,Baseline_FASTSimData_Representative_Vehicles_lookup_tables_output/2022_electric_Kia_Optimac4_Charge_Depleting_lookup_table.csv.gz,gasoline,1000.0,Baseline_FASTSimData_Representative_Vehicles_lookup_tables_output/2022_gasoline_Kia_Optimac4_Charge_Sustaining_lookup_table.csv.gz,40000000000.0,1,,,,,Car,0.0051818407547645,ridehail | all:0.0051818407547645; income | all:0.0051818407547645
2022_Honda_CR-V_4WDc3,4,0,4.5,electricity,1.0,46800000.0,Baseline_FASTSimData_Representative_Vehicles_lookup_tables_output/2022_electric_Honda_CR-V_4WDc3_Charge_Depleting_lookup_table.csv.gz,gasoline,1000.0,Baseline_FASTSimData_Representative_Vehicles_lookup_tables_output/2022_gasoline_Honda_CR-V_4WDc3_Charge_Sustaining_lookup_table.csv.gz,40000000000.0,1,,,,,Car,0.02558708447683,ridehail | all:0.02558708447683; income | all:0.02558708447683
2022_Honda_Clarity_FCV,4,0,4.5,hydrogen,1.0,40000000000.0,Baseline_FASTSimData_Representative_Vehicles_lookup_tables_output/2022_hydrogen_Honda_Clarity_FCV_lookup_table.csv.gz,,,,,1,,,,,Car,0.0015830157095801,ridehail | all:0.0015830157095801; income | all:0.0015830157095801
2022_Toyota_Highlander_2WD,4,0,4.5,gasoline,1.0,40000000000.0,Baseline_FASTSimData_Representative_Vehicles_lookup_tables_output/2022_gasoline_Toyota_Highlander_2WD_lookup_table.csv.gz,,,,,1,,,,,Car,0.3018756138139485,ridehail | all:0.3018756138139485; income | all:0.3018756138139485
2022_Chevrolet_City_Express_Cargo_Van,4,0,4.5,gasoline,1.0,40000000000.0,Baseline_FASTSimData_Representative_Vehicles_lookup_tables_output/2022_gasoline_Chevrolet_City_Express_Cargo_Van_lookup_table.csv.gz,,,,,1,,,,,Car,0.0077869758353295,ridehail | all:0.0077869758353295; income | all:0.0077869758353295
2022_Kia_Optima,4,0,4.5,gasoline,1.0,40000000000.0,Baseline_FASTSimData_Representative_Vehicles_lookup_tables_output/2022_gasoline_Kia_Optima_lookup_table.csv.gz,,,,,1,,,,,Car,0.3924234710473475,ridehail | all:0.3924234710473475; income | all:0.3924234710473475
2022_Infiniti_QX60_Hybrid_FWD,4,0,4.5,gasoline,1.0,40000000000.0,Baseline_FASTSimData_Representative_Vehicles_lookup_tables_output/2022_gasoline_Infiniti_QX60_Hybrid_FWD_lookup_table.csv.gz,,,,,1,,,,,Car,0.008096847902628,ridehail | all:0.008096847902628; income | all:0.008096847902628
2022_Toyota_Sienna_2WD,4,0,4.5,gasoline,1.0,40000000000.0,Baseline_FASTSimData_Representative_Vehicles_lookup_tables_output/2022_gasoline_Toyota_Sienna_2WD_lookup_table.csv.gz,,,,,1,,,,,Car,0.0252734507136127,ridehail | all:0.0252734507136127; income | all:0.0252734507136127
2022_Chevrolet_Silverado_C15_2WD,4,0,4.5,gasoline,1.0,40000000000.0,Baseline_FASTSimData_Representative_Vehicles_lookup_tables_output/2022_gasoline_Chevrolet_Silverado_C15_2WD_lookup_table.csv.gz,,,,,1,,,,,Car,0.0569458699654856,ridehail | all:0.0569458699654856; income | all:0.0569458699654856
2022_Honda_Odysseyc5,4,0,4.5,electricity,1.0,311343333.3333332,Baseline_FASTSimData_Representative_Vehicles_lookup_tables_output/2022_electric_Honda_Odysseyc5_lookup_table.csv.gz,,,,,1,,,,,Car,0.0086047103427687,ridehail | all:0.0086047103427687; income | all:0.0086047103427687
2022_Hyundai_Tucson_Fuel_Cell,4,0,4.5,hydrogen,1.0,40000000000.0,Baseline_FASTSimData_Representative_Vehicles_lookup_tables_output/2022_hydrogen_Hyundai_Tucson_Fuel_Cell_lookup_table.csv.gz,,,,,1,,,,,Car,0.0005128634335977,ridehail | all:0.0005128634335977; income | all:0.0005128634335977
2022_Tesla_Model_Ye3,4,0,4.5,electricity,1.0,224061111.1111111,Baseline_FASTSimData_Representative_Vehicles_lookup_tables_output/2022_electric_Tesla_Model_Ye3_lookup_table.csv.gz,,,,,1,,,,,Car,0.0822284170939589,ridehail | all:0.0822284170939589; income | all:0.0822284170939589
2027_Chevrolet_Silverado_K15_4WD,4,0,4.5,gasoline,1.0,40000000000.0,Baseline_FASTSimData_Representative_Vehicles_lookup_tables_output/2027_gasoline_Chevrolet_Silverado_K15_4WD_lookup_table.csv.gz,,,,,1,,,,,Car,0.0411507084648077,ridehail | all:0.0411507084648077; income | all:0.0411507084648077
2027_Audi_S3c6,4,0,4.5,electricity,1.0,43200000.0,Baseline_FASTSimData_Representative_Vehicles_lookup_tables_output/2027_electric_Audi_S3c6_Charge_Depleting_lookup_table.csv.gz,gasoline,1000.0,Baseline_FASTSimData_Representative_Vehicles_lookup_tables_output/2027_gasoline_Audi_S3c6_Charge_Sustaining_lookup_table.csv.gz,40000000000.0,1,,,,,Car,0.006512300232766,ridehail | all:0.006512300232766; income | all:0.006512300232766
2027_Chrysler_Town_and_Countryc4,4,0,4.5,electricity,1.0,46800000.0,Baseline_FASTSimData_Representative_Vehicles_lookup_tables_output/2027_electric_Chrysler_Town_and_Countryc4_Charge_Depleting_lookup_table.csv.gz,gasoline,1000.0,Baseline_FASTSimData_Representative_Vehicles_lookup_tables_output/2027_gasoline_Chrysler_Town_and_Countryc4_Charge_Sustaining_lookup_table.csv.gz,40000000000.0,1,,,,,Car,0.0073692691981527,ridehail | all:0.0073692691981527; income | all:0.0073692691981527
2027_Infiniti_QX60_Hybrid_FWD,4,0,4.5,gasoline,1.0,40000000000.0,Baseline_FASTSimData_Representative_Vehicles_lookup_tables_output/2027_gasoline_Infiniti_QX60_Hybrid_FWD_lookup_table.csv.gz,,,,,1,,,,,Car,0.0064247813873691,ridehail | all:0.0064247813873691; income | all:0.0064247813873691
2027_Tesla_Model_Ye3,4,0,4.5,electricity,1.0,291572222.22222215,Baseline_FASTSimData_Representative_Vehicles_lookup_tables_output/2027_electric_Tesla_Model_Ye3_lookup_table.csv.gz,,,,,1,,,,,Car,0.1770158825809679,ridehail | all:0.1770158825809679; income | all:0.1770158825809679
2027_Toyota_Highlander_2WD,4,0,4.5,gasoline,1.0,40000000000.0,Baseline_FASTSimData_Representative_Vehicles_lookup_tables_output/2027_gasoline_Toyota_Highlander_2WD_lookup_table.csv.gz,,,,,1,,,,,Car,0.2326571522826674,ridehail | all:0.2326571522826674; income | all:0.2326571522826674
2027_Toyota_Mirai,4,0,4.5,hydrogen,1.0,40000000000.0,Baseline_FASTSimData_Representative_Vehicles_lookup_tables_output/2027_hydrogen_Toyota_Mirai_lookup_table.csv.gz,,,,,1,,,,,Car,0.0087932537629403,ridehail | all:0.0087932537629403; income | all:0.0087932537629403
2027_Honda_Odysseyc5,4,0,4.5,hydrogen,1.0,40000000000.0,Baseline_FASTSimData_Representative_Vehicles_lookup_tables_output/2027_hydrogen_Honda_Odysseyc5_lookup_table.csv.gz,,,,,1,,,,,Car,0.0021492631958794,ridehail | all:0.0021492631958794; income | all:0.0021492631958794
2027_Subaru_Outback_AWDc2,4,0,4.5,electricity,1.0,72300000.00000001,Baseline_FASTSimData_Representative_Vehicles_lookup_tables_output/2027_electric_Subaru_Outback_AWDc2_Charge_Depleting_lookup_table.csv.gz,gasoline,1000.0,Baseline_FASTSimData_Representative_Vehicles_lookup_tables_output/2027_gasoline_Subaru_Outback_AWDc2_Charge_Sustaining_lookup_table.csv.gz,40000000000.0,1,,,,,Car,0.1298644951882344,ridehail | all:0.1298644951882344; income | all:0.1298644951882344
2027_Lexus_ES_350c3,4,0,4.5,electricity,1.0,282410000.0,Baseline_FASTSimData_Representative_Vehicles_lookup_tables_output/2027_electric_Lexus_ES_350c3_lookup_table.csv.gz,,,,,1,,,,,Car,0.0231062136730448,ridehail | all:0.0231062136730448; income | all:0.0231062136730448
2027_Buick_LaCrosse_eAssist,4,0,4.5,gasoline,1.0,40000000000.0,Baseline_FASTSimData_Representative_Vehicles_lookup_tables_output/2027_gasoline_Buick_LaCrosse_eAssist_lookup_table.csv.gz,,,,,1,,,,,Car,0.0201867634007114,ridehail | all:0.0201867634007114; income | all:0.0201867634007114
2027_Chevrolet_City_Express_Cargo_Van,4,0,4.5,gasoline,1.0,40000000000.0,Baseline_FASTSimData_Representative_Vehicles_lookup_tables_output/2027_gasoline_Chevrolet_City_Express_Cargo_Van_lookup_table.csv.gz,,,,,1,,,,,Car,0.0057785537132604,ridehail | all:0.0057785537132604; income | all:0.0057785537132604
2027_Toyota_Sienna_2WD,4,0,4.5,gasoline,1.0,40000000000.0,Baseline_FASTSimData_Representative_Vehicles_lookup_tables_output/2027_gasoline_Toyota_Sienna_2WD_lookup_table.csv.gz,,,,,1,,,,,Car,0.0195601728003873,ridehail | all:0.0195601728003873; income | all:0.0195601728003873
2027_Toyota_Prius_v,4,0,4.5,gasoline,1.0,40000000000.0,Baseline_FASTSimData_Representative_Vehicles_lookup_tables_output/2027_gasoline_Toyota_Prius_v_lookup_table.csv.gz,,,,,1,,,,,Car,0.0005897953207416,ridehail | all:0.0005897953207416; income | all:0.0005897953207416
2027_Ram_1500_4WDc6,4,0,4.5,hydrogen,1.0,40000000000.0,Baseline_FASTSimData_Representative_Vehicles_lookup_tables_output/2027_hydrogen_Ram_1500_4WDc6_lookup_table.csv.gz,gasoline,1000.0,Baseline_FASTSimData_Representative_Vehicles_lookup_tables_output/2027_gasoline_Ram_1500_4WDc6_Charge_Sustaining_lookup_table.csv.gz,40000000000.0,1,,,,,Car,0.0005422480760116,ridehail | all:0.0005422480760116; income | all:0.0005422480760116
2027_Honda_CR-V_4WDc5,4,0,4.5,hydrogen,1.0,40000000000.0,Baseline_FASTSimData_Representative_Vehicles_lookup_tables_output/2027_hydrogen_Honda_CR-V_4WDc5_lookup_table.csv.gz,,,,,1,,,,,Car,0.0124168624743725,ridehail | all:0.0124168624743725; income | all:0.0124168624743725
2027_GMC_Sierra_K15_4WDc2,4,0,4.5,electricity,1.0,401518888.88888884,Baseline_FASTSimData_Representative_Vehicles_lookup_tables_output/2027_electric_GMC_Sierra_K15_4WDc2_lookup_table.csv.gz,,,,,1,,,,,Car,0.0013375118183583,ridehail | all:0.0013375118183583; income | all:0.0013375118183583
2027_Chrysler_200,4,0,4.5,gasoline,1.0,40000000000.0,Baseline_FASTSimData_Representative_Vehicles_lookup_tables_output/2027_gasoline_Chrysler_200_lookup_table.csv.gz,,,,,1,,,,,Car,0.294632321517513,ridehail | all:0.294632321517513; income | all:0.294632321517513
2028_Tesla_Model_Ye3,4,0,4.5,electricity,1.0,291572222.22222215,Baseline_FASTSimData_Representative_Vehicles_lookup_tables_output/2028_electric_Tesla_Model_Ye3_lookup_table.csv.gz,,,,,1,,,,,Car,0.2394079381918897,ridehail | all:0.2394079381918897; income | all:0.2394079381918897
2028_Toyota_Avalonc6,4,0,4.5,electricity,1.0,377889999.99999994,Baseline_FASTSimData_Representative_Vehicles_lookup_tables_output/2028_electric_Toyota_Avalonc6_lookup_table.csv.gz,,,,,1,,,,,Car,0.0383872947131638,ridehail | all:0.0383872947131638; income | all:0.0383872947131638
2028_Honda_Odysseyc5,4,0,4.5,hydrogen,1.0,40000000000.0,Baseline_FASTSimData_Representative_Vehicles_lookup_tables_output/2028_hydrogen_Honda_Odysseyc5_lookup_table.csv.gz,,,,,1,,,,,Car,0.0022477995481927,ridehail | all:0.0022477995481927; income | all:0.0022477995481927
2028_Toyota_Mirai,4,0,4.5,hydrogen,1.0,40000000000.0,Baseline_FASTSimData_Representative_Vehicles_lookup_tables_output/2028_hydrogen_Toyota_Mirai_lookup_table.csv.gz,,,,,1,,,,,Car,0.0087456138164506,ridehail | all:0.0087456138164506; income | all:0.0087456138164506
2028_Honda_CR-V_4WDc5,4,0,4.5,hydrogen,1.0,40000000000.0,Baseline_FASTSimData_Representative_Vehicles_lookup_tables_output/2028_hydrogen_Honda_CR-V_4WDc5_lookup_table.csv.gz,,,,,1,,,,,Car,0.0130232802743163,ridehail | all:0.0130232802743163; income | all:0.0130232802743163
2028_Toyota_Highlander_2WD,4,0,4.5,gasoline,1.0,40000000000.0,Baseline_FASTSimData_Representative_Vehicles_lookup_tables_output/2028_gasoline_Toyota_Highlander_2WD_lookup_table.csv.gz,,,,,1,,,,,Car,0.2093933697240995,ridehail | all:0.2093933697240995; income | all:0.2093933697240995
2028_Chrysler_Town_and_Countryc4,4,0,4.5,electricity,1.0,46800000.0,Baseline_FASTSimData_Representative_Vehicles_lookup_tables_output/2028_electric_Chrysler_Town_and_Countryc4_Charge_Depleting_lookup_table.csv.gz,gasoline,1000.0,Baseline_FASTSimData_Representative_Vehicles_lookup_tables_output/2028_gasoline_Chrysler_Town_and_Countryc4_Charge_Sustaining_lookup_table.csv.gz,40000000000.0,1,,,,,Car,0.0067344227592303,ridehail | all:0.0067344227592303; income | all:0.0067344227592303
2028_Chrysler_200,4,0,4.5,gasoline,1.0,40000000000.0,Baseline_FASTSimData_Representative_Vehicles_lookup_tables_output/2028_gasoline_Chrysler_200_lookup_table.csv.gz,,,,,1,,,,,Car,0.2621689759016827,ridehail | all:0.2621689759016827; income | all:0.2621689759016827
2028_Ram_1500_4WDc6,4,0,4.5,electricity,1.0,46800000.0,Baseline_FASTSimData_Representative_Vehicles_lookup_tables_output/2028_electric_Ram_1500_4WDc6_Charge_Depleting_lookup_table.csv.gz,gasoline,1000.0,Baseline_FASTSimData_Representative_Vehicles_lookup_tables_output/2028_gasoline_Ram_1500_4WDc6_Charge_Sustaining_lookup_table.csv.gz,40000000000.0,1,,,,,Car,0.0022686480417285,ridehail | all:0.0022686480417285; income | all:0.0022686480417285
2028_Toyota_Sienna_2WD,4,0,4.5,gasoline,1.0,40000000000.0,Baseline_FASTSimData_Representative_Vehicles_lookup_tables_output/2028_gasoline_Toyota_Sienna_2WD_lookup_table.csv.gz,,,,,1,,,,,Car,0.0175951819537786,ridehail | all:0.0175951819537786; income | all:0.0175951819537786
2028_Chevrolet_Silverado_K15_4WD,4,0,4.5,gasoline,1.0,40000000000.0,Baseline_FASTSimData_Representative_Vehicles_lookup_tables_output/2028_gasoline_Chevrolet_Silverado_K15_4WD_lookup_table.csv.gz,,,,,1,,,,,Car,0.0371177393610205,ridehail | all:0.0371177393610205; income | all:0.0371177393610205
2028_Infiniti_QX60_Hybrid_FWD,4,0,4.5,gasoline,1.0,40000000000.0,Baseline_FASTSimData_Representative_Vehicles_lookup_tables_output/2028_gasoline_Infiniti_QX60_Hybrid_FWD_lookup_table.csv.gz,,,,,1,,,,,Car,0.0058140576509851,ridehail | all:0.0058140576509851; income | all:0.0058140576509851
2028_Audi_S3c6,4,0,4.5,electricity,1.0,43200000.0,Baseline_FASTSimData_Representative_Vehicles_lookup_tables_output/2028_electric_Audi_S3c6_Charge_Depleting_lookup_table.csv.gz,gasoline,1000.0,Baseline_FASTSimData_Representative_Vehicles_lookup_tables_output/2028_gasoline_Audi_S3c6_Charge_Sustaining_lookup_table.csv.gz,40000000000.0,1,,,,,Car,0.0059596834163569,ridehail | all:0.0059596834163569; income | all:0.0059596834163569
2028_GMC_Sierra_K15_4WDc2,4,0,4.5,electricity,1.0,401518888.88888884,Baseline_FASTSimData_Representative_Vehicles_lookup_tables_output/2028_electric_GMC_Sierra_K15_4WDc2_lookup_table.csv.gz,,,,,1,,,,,Car,0.0013489339101599,ridehail | all:0.0013489339101599; income | all:0.0013489339101599
2028_Subaru_Outback_AWDc2,4,0,4.5,electricity,1.0,72300000.00000001,Baseline_FASTSimData_Representative_Vehicles_lookup_tables_output/2028_electric_Subaru_Outback_AWDc2_Charge_Depleting_lookup_table.csv.gz,gasoline,1000.0,Baseline_FASTSimData_Representative_Vehicles_lookup_tables_output/2028_gasoline_Subaru_Outback_AWDc2_Charge_Sustaining_lookup_table.csv.gz,40000000000.0,1,,,,,Car,0.1180641000740956,ridehail | all:0.1180641000740956; income | all:0.1180641000740956
2028_Buick_LaCrosse_eAssist,4,0,4.5,gasoline,1.0,40000000000.0,Baseline_FASTSimData_Representative_Vehicles_lookup_tables_output/2028_gasoline_Buick_LaCrosse_eAssist_lookup_table.csv.gz,,,,,1,,,,,Car,0.0181305329469895,ridehail | all:0.0181305329469895; income | all:0.0181305329469895
2028_Chevrolet_City_Express_Cargo_Van,4,0,4.5,gasoline,1.0,40000000000.0,Baseline_FASTSimData_Representative_Vehicles_lookup_tables_output/2028_gasoline_Chevrolet_City_Express_Cargo_Van_lookup_table.csv.gz,,,,,1,,,,,Car,0.0051900435857964,ridehail | all:0.0051900435857964; income | all:0.0051900435857964
2028_Toyota_Prius_v,4,0,4.5,gasoline,1.0,40000000000.0,Baseline_FASTSimData_Representative_Vehicles_lookup_tables_output/2028_gasoline_Toyota_Prius_v_lookup_table.csv.gz,,,,,1,,,,,Car,0.0005276932086773,ridehail | all:0.0005276932086773; income | all:0.0005276932086773
2015_Porsche_Cayenne_S_e-Hybrid,4,0,4.5,electricity,1.0,29160000.000000004,Baseline_FASTSimData_Representative_Vehicles_lookup_tables_output/2015_electric_Porsche_Cayenne_S_e-Hybrid_Charge_Depleting_lookup_table.csv.gz,gasoline,1000.0,Baseline_FASTSimData_Representative_Vehicles_lookup_tables_output/2015_gasoline_Porsche_Cayenne_S_e-Hybrid_Charge_Sustaining_lookup_table.csv.gz,40000000000.0,1,,,,,Car,2.2817050217521487e-06,ridehail | all:2.2817050217521487e-06; income | all:2.2817050217521487e-06
2015_Chrysler_200,4,0,4.5,gasoline,1.0,40000000000.0,Baseline_FASTSimData_Representative_Vehicles_lookup_tables_output/2015_gasoline_Chrysler_200_lookup_table.csv.gz,,,,,1,,,,,Car,0.4108228591987977,ridehail | all:0.4108228591987977; income | all:0.4108228591987977
2015_Infiniti_QX60_Hybrid_FWD,4,0,4.5,gasoline,1.0,40000000000.0,Baseline_FASTSimData_Representative_Vehicles_lookup_tables_output/2015_gasoline_Infiniti_QX60_Hybrid_FWD_lookup_table.csv.gz,,,,,1,,,,,Car,0.0101311132841879,ridehail | all:0.0101311132841879; income | all:0.0101311132841879
2015_Tesla_Model_S_70D,4,0,4.5,electricity,1.0,234359999.99999997,Baseline_FASTSimData_Representative_Vehicles_lookup_tables_output/2015_electric_Tesla_Model_S_70D_lookup_table.csv.gz,,,,,1,,,,,Car,0.0418940259213573,ridehail | all:0.0418940259213573; income | all:0.0418940259213573
2015_Toyota_Highlander_2WD,4,0,4.5,gasoline,1.0,40000000000.0,Baseline_FASTSimData_Representative_Vehicles_lookup_tables_output/2015_gasoline_Toyota_Highlander_2WD_lookup_table.csv.gz,,,,,1,,,,,Car,0.3553247844729732,ridehail | all:0.3553247844729732; income | all:0.3553247844729732
2015_Chevrolet_City_Express_Cargo_Van,4,0,4.5,gasoline,1.0,40000000000.0,Baseline_FASTSimData_Representative_Vehicles_lookup_tables_output/2015_gasoline_Chevrolet_City_Express_Cargo_Van_lookup_table.csv.gz,,,,,1,,,,,Car,0.0119662099931779,ridehail | all:0.0119662099931779; income | all:0.0119662099931779
2015_Chevrolet_Volt,4,0,4.5,electricity,1.0,46170000.00000001,Baseline_FASTSimData_Representative_Vehicles_lookup_tables_output/2015_electric_Chevrolet_Volt_Charge_Depleting_lookup_table.csv.gz,gasoline,1000.0,Baseline_FASTSimData_Representative_Vehicles_lookup_tables_output/2015_gasoline_Chevrolet_Volt_Charge_Sustaining_lookup_table.csv.gz,40000000000.0,1,,,,,Car,0.0212840605946696,ridehail | all:0.0212840605946696; income | all:0.0212840605946696
2015_Ford_F150_Pickup_4WD,4,0,4.5,gasoline,1.0,40000000000.0,Baseline_FASTSimData_Representative_Vehicles_lookup_tables_output/2015_gasoline_Ford_F150_Pickup_4WD_lookup_table.csv.gz,,,,,1,,,,,Car,0.0836941611638618,ridehail | all:0.0836941611638618; income | all:0.0836941611638618
2015_Toyota_Prius_v,4,0,4.5,gasoline,1.0,40000000000.0,Baseline_FASTSimData_Representative_Vehicles_lookup_tables_output/2015_gasoline_Toyota_Prius_v_lookup_table.csv.gz,,,,,1,,,,,Car,0.0010697590329045,ridehail | all:0.0010697590329045; income | all:0.0010697590329045
2015_Nissan_Quest,4,0,4.5,gasoline,1.0,40000000000.0,Baseline_FASTSimData_Representative_Vehicles_lookup_tables_output/2015_gasoline_Nissan_Quest_lookup_table.csv.gz,,,,,1,,,,,Car,0.0303029473968727,ridehail | all:0.0303029473968727; income | all:0.0303029473968727
2015_Buick_Regal_eAssist,4,0,4.5,gasoline,1.0,40000000000.0,Baseline_FASTSimData_Representative_Vehicles_lookup_tables_output/2015_gasoline_Buick_Regal_eAssist_lookup_table.csv.gz,,,,,1,,,,,Car,0.0328069369579174,ridehail | all:0.0328069369579174; income | all:0.0328069369579174
2046_Honda_Odysseyc5,4,0,4.5,electricity,1.0,311343333.3333332,Baseline_FASTSimData_Representative_Vehicles_lookup_tables_output/2046_electric_Honda_Odysseyc5_lookup_table.csv.gz,,,,,1,,,,,Car,0.0037251979968859,ridehail | all:0.0037251979968859; income | all:0.0037251979968859
2046_Subaru_Outback_AWDc2,4,0,4.5,electricity,1.0,72300000.00000001,Baseline_FASTSimData_Representative_Vehicles_lookup_tables_output/2046_electric_Subaru_Outback_AWDc2_Charge_Depleting_lookup_table.csv.gz,gasoline,1000.0,Baseline_FASTSimData_Representative_Vehicles_lookup_tables_output/2046_gasoline_Subaru_Outback_AWDc2_Charge_Sustaining_lookup_table.csv.gz,40000000000.0,1,,,,,Car,0.0383263566030132,ridehail | all:0.0383263566030132; income | all:0.0383263566030132
2046_Ford_Fusion_FWD,4,0,4.5,gasoline,1.0,40000000000.0,Baseline_FASTSimData_Representative_Vehicles_lookup_tables_output/2046_gasoline_Ford_Fusion_FWD_lookup_table.csv.gz,,,,,1,,,,,Car,0.1127942956171737,ridehail | all:0.1127942956171737; income | all:0.1127942956171737
2046_Chevrolet_City_Express_Cargo_Van,4,0,4.5,gasoline,1.0,40000000000.0,Baseline_FASTSimData_Representative_Vehicles_lookup_tables_output/2046_gasoline_Chevrolet_City_Express_Cargo_Van_lookup_table.csv.gz,,,,,1,,,,,Car,0.0020937205497827,ridehail | all:0.0020937205497827; income | all:0.0020937205497827
2046_Ford_F150_Pickup_4WDc3,4,0,4.5,electricity,1.0,401518888.88888884,Baseline_FASTSimData_Representative_Vehicles_lookup_tables_output/2046_electric_Ford_F150_Pickup_4WDc3_lookup_table.csv.gz,,,,,1,,,,,Car,0.0044631661377885,ridehail | all:0.0044631661377885; income | all:0.0044631661377885
2046_Honda_Odysseyc6,4,0,4.5,electricity,1.0,46800000.0,Baseline_FASTSimData_Representative_Vehicles_lookup_tables_output/2046_electric_Honda_Odysseyc6_Charge_Depleting_lookup_table.csv.gz,gasoline,1000.0,Baseline_FASTSimData_Representative_Vehicles_lookup_tables_output/2046_gasoline_Honda_Odysseyc6_Charge_Sustaining_lookup_table.csv.gz,40000000000.0,1,,,,,Car,0.0013750335760244,ridehail | all:0.0013750335760244; income | all:0.0013750335760244
2046_Ford_Transit_Connect_Van_2WDc2,4,0,4.5,electricity,1.0,357636666.6666665,Baseline_FASTSimData_Representative_Vehicles_lookup_tables_output/2046_electric_Ford_Transit_Connect_Van_2WDc2_lookup_table.csv.gz,,,,,1,,,,,Car,0.0007494941093709,ridehail | all:0.0007494941093709; income | all:0.0007494941093709
2046_Lexus_NX_300h,4,0,4.5,gasoline,1.0,40000000000.0,Baseline_FASTSimData_Representative_Vehicles_lookup_tables_output/2046_gasoline_Lexus_NX_300h_lookup_table.csv.gz,,,,,1,,,,,Car,0.0041744953115528,ridehail | all:0.0041744953115528; income | all:0.0041744953115528
2046_Tesla_Model_3e6e3e5,4,0,4.5,electricity,1.0,255887777.77777785,Baseline_FASTSimData_Representative_Vehicles_lookup_tables_output/2046_electric_Tesla_Model_3e6e3e5_lookup_table.csv.gz,,,,,1,,,,,Car,0.3424436530082231,ridehail | all:0.3424436530082231; income | all:0.3424436530082231
2046_Toyota_Prius_v,4,0,4.5,gasoline,1.0,40000000000.0,Baseline_FASTSimData_Representative_Vehicles_lookup_tables_output/2046_gasoline_Toyota_Prius_v_lookup_table.csv.gz,,,,,1,,,,,Car,0.0002453781766269,ridehail | all:0.0002453781766269; income | all:0.0002453781766269
2046_Ram_1500_4WDc6,4,0,4.5,electricity,1.0,46800000.0,Baseline_FASTSimData_Representative_Vehicles_lookup_tables_output/2046_electric_Ram_1500_4WDc6_Charge_Depleting_lookup_table.csv.gz,gasoline,1000.0,Baseline_FASTSimData_Representative_Vehicles_lookup_tables_output/2046_gasoline_Ram_1500_4WDc6_Charge_Sustaining_lookup_table.csv.gz,40000000000.0,1,,,,,Car,0.0006846446201876,ridehail | all:0.0006846446201876; income | all:0.0006846446201876
2046_Ram_1500_4WDc5,4,0,4.5,gasoline,1.0,40000000000.0,Baseline_FASTSimData_Representative_Vehicles_lookup_tables_output/2046_gasoline_Ram_1500_4WDc5_lookup_table.csv.gz,,,,,1,,,,,Car,0.0083296934647444,ridehail | all:0.0083296934647444; income | all:0.0083296934647444
2046_Kia_Soulc6,4,0,4.5,hydrogen,1.0,40000000000.0,Baseline_FASTSimData_Representative_Vehicles_lookup_tables_output/2046_hydrogen_Kia_Soulc6_lookup_table.csv.gz,,,,,1,,,,,Car,0.0049174968122059,ridehail | all:0.0049174968122059; income | all:0.0049174968122059
2046_Toyota_Sienna_2WD,4,0,4.5,gasoline,1.0,40000000000.0,Baseline_FASTSimData_Representative_Vehicles_lookup_tables_output/2046_gasoline_Toyota_Sienna_2WD_lookup_table.csv.gz,,,,,1,,,,,Car,0.0079226354433273,ridehail | all:0.0079226354433273; income | all:0.0079226354433273
2046_Tesla_Model_Ye3,4,0,4.5,electricity,1.0,328221111.1111111,Baseline_FASTSimData_Representative_Vehicles_lookup_tables_output/2046_electric_Tesla_Model_Ye3_lookup_table.csv.gz,,,,,1,,,,,Car,0.373118302573485,ridehail | all:0.373118302573485; income | all:0.373118302573485
2046_Buick_Regal_eAssist,4,0,4.5,gasoline,1.0,40000000000.0,Baseline_FASTSimData_Representative_Vehicles_lookup_tables_output/2046_gasoline_Buick_Regal_eAssist_lookup_table.csv.gz,,,,,1,,,,,Car,0.0069103437533267,ridehail | all:0.0069103437533267; income | all:0.0069103437533267
2046_BMW_M235ic2,4,0,4.5,electricity,1.0,72300000.00000001,Baseline_FASTSimData_Representative_Vehicles_lookup_tables_output/2046_electric_BMW_M235ic2_Charge_Depleting_lookup_table.csv.gz,gasoline,1000.0,Baseline_FASTSimData_Representative_Vehicles_lookup_tables_output/2046_gasoline_BMW_M235ic2_Charge_Sustaining_lookup_table.csv.gz,40000000000.0,1,,,,,Car,0.0005239115019898,ridehail | all:0.0005239115019898; income | all:0.0005239115019898
2046_Honda_CR-V_4WDc5,4,0,4.5,hydrogen,1.0,40000000000.0,Baseline_FASTSimData_Representative_Vehicles_lookup_tables_output/2046_hydrogen_Honda_CR-V_4WDc5_lookup_table.csv.gz,,,,,1,,,,,Car,0.0105107926521285,ridehail | all:0.0105107926521285; income | all:0.0105107926521285
2046_GMC_Acadia_FWD,4,0,4.5,gasoline,1.0,40000000000.0,Baseline_FASTSimData_Representative_Vehicles_lookup_tables_output/2046_gasoline_GMC_Acadia_FWD_lookup_table.csv.gz,,,,,1,,,,,Car,0.0737387841948483,ridehail | all:0.0737387841948483; income | all:0.0737387841948483
2043_Toyota_Tundra_2WDc2,4,0,4.5,electricity,1.0,401518888.88888884,Baseline_FASTSimData_Representative_Vehicles_lookup_tables_output/2043_electric_Toyota_Tundra_2WDc2_lookup_table.csv.gz,,,,,1,,,,,Car,0.0050489388268628,ridehail | all:0.0050489388268628; income | all:0.0050489388268628
2043_MINI_Cooper_Pacemanc5,4,0,4.5,electricity,1.0,72300000.00000001,Baseline_FASTSimData_Representative_Vehicles_lookup_tables_output/2043_electric_MINI_Cooper_Pacemanc5_Charge_Depleting_lookup_table.csv.gz,gasoline,1000.0,Baseline_FASTSimData_Representative_Vehicles_lookup_tables_output/2043_gasoline_MINI_Cooper_Pacemanc5_Charge_Sustaining_lookup_table.csv.gz,40000000000.0,1,,,,,Car,0.0014873341785323,ridehail | all:0.0014873341785323; income | all:0.0014873341785323
2043_Chevrolet_City_Express_Cargo_Van,4,0,4.5,gasoline,1.0,40000000000.0,Baseline_FASTSimData_Representative_Vehicles_lookup_tables_output/2043_gasoline_Chevrolet_City_Express_Cargo_Van_lookup_table.csv.gz,,,,,1,,,,,Car,0.0023228009298788,ridehail | all:0.0023228009298788; income | all:0.0023228009298788
2043_Ram_1500_4WDc6,4,0,4.5,hydrogen,1.0,40000000000.0,Baseline_FASTSimData_Representative_Vehicles_lookup_tables_output/2043_hydrogen_Ram_1500_4WDc6_lookup_table.csv.gz,gasoline,1000.0,Baseline_FASTSimData_Representative_Vehicles_lookup_tables_output/2043_gasoline_Ram_1500_4WDc6_Charge_Sustaining_lookup_table.csv.gz,40000000000.0,1,,,,,Car,0.0004387281869902,ridehail | all:0.0004387281869902; income | all:0.0004387281869902
2043_Honda_Odysseyc5,4,0,4.5,hydrogen,1.0,40000000000.0,Baseline_FASTSimData_Representative_Vehicles_lookup_tables_output/2043_hydrogen_Honda_Odysseyc5_lookup_table.csv.gz,,,,,1,,,,,Car,0.0015838354175142,ridehail | all:0.0015838354175142; income | all:0.0015838354175142
2043_Lexus_NX_300h,4,0,4.5,gasoline,1.0,40000000000.0,Baseline_FASTSimData_Representative_Vehicles_lookup_tables_output/2043_gasoline_Lexus_NX_300h_lookup_table.csv.gz,,,,,1,,,,,Car,0.005031954814126,ridehail | all:0.005031954814126; income | all:0.005031954814126
2043_GMC_Acadia_FWD,4,0,4.5,gasoline,1.0,40000000000.0,Baseline_FASTSimData_Representative_Vehicles_lookup_tables_output/2043_gasoline_GMC_Acadia_FWD_lookup_table.csv.gz,,,,,1,,,,,Car,0.0880411573475939,ridehail | all:0.0880411573475939; income | all:0.0880411573475939
2043_Kia_Soulc6,4,0,4.5,hydrogen,1.0,40000000000.0,Baseline_FASTSimData_Representative_Vehicles_lookup_tables_output/2043_hydrogen_Kia_Soulc6_lookup_table.csv.gz,,,,,1,,,,,Car,0.0053719262499225,ridehail | all:0.0053719262499225; income | all:0.0053719262499225
2043_Honda_CR-V_4WDc5,4,0,4.5,hydrogen,1.0,40000000000.0,Baseline_FASTSimData_Representative_Vehicles_lookup_tables_output/2043_hydrogen_Honda_CR-V_4WDc5_lookup_table.csv.gz,,,,,1,,,,,Car,0.0112553150266766,ridehail | all:0.0112553150266766; income | all:0.0112553150266766
2043_Tesla_Model_3e6e3e5,4,0,4.5,electricity,1.0,255887777.77777785,Baseline_FASTSimData_Representative_Vehicles_lookup_tables_output/2043_electric_Tesla_Model_3e6e3e5_lookup_table.csv.gz,,,,,1,,,,,Car,0.3180517478362234,ridehail | all:0.3180517478362234; income | all:0.3180517478362234
2043_Chrysler_Town_and_Countryc4,4,0,4.5,electricity,1.0,46800000.0,Baseline_FASTSimData_Representative_Vehicles_lookup_tables_output/2043_electric_Chrysler_Town_and_Countryc4_Charge_Depleting_lookup_table.csv.gz,gasoline,1000.0,Baseline_FASTSimData_Representative_Vehicles_lookup_tables_output/2043_gasoline_Chrysler_Town_and_Countryc4_Charge_Sustaining_lookup_table.csv.gz,40000000000.0,1,,,,,Car,0.0022751777506786,ridehail | all:0.0022751777506786; income | all:0.0022751777506786
2043_Toyota_Prius_v,4,0,4.5,gasoline,1.0,40000000000.0,Baseline_FASTSimData_Representative_Vehicles_lookup_tables_output/2043_gasoline_Toyota_Prius_v_lookup_table.csv.gz,,,,,1,,,,,Car,0.0002732355417035,ridehail | all:0.0002732355417035; income | all:0.0002732355417035
2043_Tesla_Model_Ye5,4,0,4.5,electricity,1.0,328221111.1111111,Baseline_FASTSimData_Representative_Vehicles_lookup_tables_output/2043_electric_Tesla_Model_Ye5_lookup_table.csv.gz,,,,,1,,,,,Car,0.3555458154053345,ridehail | all:0.3555458154053345; income | all:0.3555458154053345
2043_Subaru_Outback_AWDc2,4,0,4.5,electricity,1.0,72300000.00000001,Baseline_FASTSimData_Representative_Vehicles_lookup_tables_output/2043_electric_Subaru_Outback_AWDc2_Charge_Depleting_lookup_table.csv.gz,gasoline,1000.0,Baseline_FASTSimData_Representative_Vehicles_lookup_tables_output/2043_gasoline_Subaru_Outback_AWDc2_Charge_Sustaining_lookup_table.csv.gz,40000000000.0,1,,,,,Car,0.0423795186950801,ridehail | all:0.0423795186950801; income | all:0.0423795186950801
2043_Ford_Fusion_FWD,4,0,4.5,gasoline,1.0,40000000000.0,Baseline_FASTSimData_Representative_Vehicles_lookup_tables_output/2043_gasoline_Ford_Fusion_FWD_lookup_table.csv.gz,,,,,1,,,,,Car,0.1259331126073092,ridehail | all:0.1259331126073092; income | all:0.1259331126073092
2043_Toyota_Sienna_2WD,4,0,4.5,gasoline,1.0,40000000000.0,Baseline_FASTSimData_Representative_Vehicles_lookup_tables_output/2043_gasoline_Toyota_Sienna_2WD_lookup_table.csv.gz,,,,,1,,,,,Car,0.0088010457174793,ridehail | all:0.0088010457174793; income | all:0.0088010457174793
2043_Ford_Transit_Connect_Van_2WDc2,4,0,4.5,electricity,1.0,357636666.6666665,Baseline_FASTSimData_Representative_Vehicles_lookup_tables_output/2043_electric_Ford_Transit_Connect_Van_2WDc2_lookup_table.csv.gz,,,,,1,,,,,Car,0.0008134059572349,ridehail | all:0.0008134059572349; income | all:0.0008134059572349
2043_Ram_1500_4WDc5,4,0,4.5,gasoline,1.0,40000000000.0,Baseline_FASTSimData_Representative_Vehicles_lookup_tables_output/2043_gasoline_Ram_1500_4WDc5_lookup_table.csv.gz,,,,,1,,,,,Car,0.0110871588405227,ridehail | all:0.0110871588405227; income | all:0.0110871588405227
2043_Lincoln_MKZ_Hybrid_FWD,4,0,4.5,gasoline,1.0,40000000000.0,Baseline_FASTSimData_Representative_Vehicles_lookup_tables_output/2043_gasoline_Lincoln_MKZ_Hybrid_FWD_lookup_table.csv.gz,,,,,1,,,,,Car,0.0081196395053253,ridehail | all:0.0081196395053253; income | all:0.0081196395053253
2035_Subaru_Outback_AWDc2,4,0,4.5,electricity,1.0,72300000.00000001,Baseline_FASTSimData_Representative_Vehicles_lookup_tables_output/2035_electric_Subaru_Outback_AWDc2_Charge_Depleting_lookup_table.csv.gz,gasoline,1000.0,Baseline_FASTSimData_Representative_Vehicles_lookup_tables_output/2035_gasoline_Subaru_Outback_AWDc2_Charge_Sustaining_lookup_table.csv.gz,40000000000.0,1,,,,,Car,0.0576293722992841,ridehail | all:0.0576293722992841; income | all:0.0576293722992841
2035_Tesla_Model_3e6e3,4,0,4.5,electricity,1.0,258781111.11111113,Baseline_FASTSimData_Representative_Vehicles_lookup_tables_output/2035_electric_Tesla_Model_3e6e3_lookup_table.csv.gz,,,,,1,,,,,Car,0.2230026306295227,ridehail | all:0.2230026306295227; income | all:0.2230026306295227
2035_BMW_M235ic2,4,0,4.5,electricity,1.0,72300000.00000001,Baseline_FASTSimData_Representative_Vehicles_lookup_tables_output/2035_electric_BMW_M235ic2_Charge_Depleting_lookup_table.csv.gz,gasoline,1000.0,Baseline_FASTSimData_Representative_Vehicles_lookup_tables_output/2035_gasoline_BMW_M235ic2_Charge_Sustaining_lookup_table.csv.gz,40000000000.0,1,,,,,Car,0.0023107851483526,ridehail | all:0.0023107851483526; income | all:0.0023107851483526
2035_Chrysler_Town_and_Countryc4,4,0,4.5,electricity,1.0,46800000.0,Baseline_FASTSimData_Representative_Vehicles_lookup_tables_output/2035_electric_Chrysler_Town_and_Countryc4_Charge_Depleting_lookup_table.csv.gz,gasoline,1000.0,Baseline_FASTSimData_Representative_Vehicles_lookup_tables_output/2035_gasoline_Chrysler_Town_and_Countryc4_Charge_Sustaining_lookup_table.csv.gz,40000000000.0,1,,,,,Car,0.0031532675215203,ridehail | all:0.0031532675215203; income | all:0.0031532675215203
2035_Ram_1500_4WDc6,4,0,4.5,electricity,1.0,46800000.0,Baseline_FASTSimData_Representative_Vehicles_lookup_tables_output/2035_electric_Ram_1500_4WDc6_Charge_Depleting_lookup_table.csv.gz,gasoline,1000.0,Baseline_FASTSimData_Representative_Vehicles_lookup_tables_output/2035_gasoline_Ram_1500_4WDc6_Charge_Sustaining_lookup_table.csv.gz,40000000000.0,1,,,,,Car,0.0010519697557067,ridehail | all:0.0010519697557067; income | all:0.0010519697557067
2035_Honda_Odysseyc5,4,0,4.5,electricity,1.0,311343333.3333332,Baseline_FASTSimData_Representative_Vehicles_lookup_tables_output/2035_electric_Honda_Odysseyc5_lookup_table.csv.gz,,,,,1,,,,,Car,0.0051150857439331,ridehail | all:0.0051150857439331; income | all:0.0051150857439331
2035_Ford_Fusion_FWD,4,0,4.5,gasoline,1.0,40000000000.0,Baseline_FASTSimData_Representative_Vehicles_lookup_tables_output/2035_gasoline_Ford_Fusion_FWD_lookup_table.csv.gz,,,,,1,,,,,Car,0.1917053527811564,ridehail | all:0.1917053527811564; income | all:0.1917053527811564
2035_Tesla_Model_Ye5,4,0,4.5,electricity,1.0,328221111.1111111,Baseline_FASTSimData_Representative_Vehicles_lookup_tables_output/2035_electric_Tesla_Model_Ye5_lookup_table.csv.gz,,,,,1,,,,,Car,0.2829028269876444,ridehail | all:0.2829028269876444; income | all:0.2829028269876444
2035_Lincoln_MKZ_Hybrid_FWD,4,0,4.5,gasoline,1.0,40000000000.0,Baseline_FASTSimData_Representative_Vehicles_lookup_tables_output/2035_gasoline_Lincoln_MKZ_Hybrid_FWD_lookup_table.csv.gz,,,,,1,,,,,Car,0.013232572817235,ridehail | all:0.013232572817235; income | all:0.013232572817235
2035_Honda_CR-V_4WDc5,4,0,4.5,hydrogen,1.0,40000000000.0,Baseline_FASTSimData_Representative_Vehicles_lookup_tables_output/2035_hydrogen_Honda_CR-V_4WDc5_lookup_table.csv.gz,,,,,1,,,,,Car,0.0131521564489845,ridehail | all:0.0131521564489845; income | all:0.0131521564489845
2035_Chevrolet_Silverado_C15_2WD,4,0,4.5,gasoline,1.0,40000000000.0,Baseline_FASTSimData_Representative_Vehicles_lookup_tables_output/2035_gasoline_Chevrolet_Silverado_C15_2WD_lookup_table.csv.gz,,,,,1,,,,,Car,0.0211461706326657,ridehail | all:0.0211461706326657; income | all:0.0211461706326657
2035_Toyota_Prius_v,4,0,4.5,gasoline,1.0,40000000000.0,Baseline_FASTSimData_Representative_Vehicles_lookup_tables_output/2035_gasoline_Toyota_Prius_v_lookup_table.csv.gz,,,,,1,,,,,Car,0.0003916634835192,ridehail | all:0.0003916634835192; income | all:0.0003916634835192
2035_Lexus_NX_300h,4,0,4.5,gasoline,1.0,40000000000.0,Baseline_FASTSimData_Representative_Vehicles_lookup_tables_output/2035_gasoline_Lexus_NX_300h_lookup_table.csv.gz,,,,,1,,,,,Car,0.0069856254300818,ridehail | all:0.0069856254300818; income | all:0.0069856254300818
2035_Ford_F150_Pickup_4WDc3,4,0,4.5,electricity,1.0,401518888.88888884,Baseline_FASTSimData_Representative_Vehicles_lookup_tables_output/2035_electric_Ford_F150_Pickup_4WDc3_lookup_table.csv.gz,,,,,1,,,,,Car,0.0045099965197663,ridehail | all:0.0045099965197663; income | all:0.0045099965197663
2035_Toyota_Sienna_2WD,4,0,4.5,gasoline,1.0,40000000000.0,Baseline_FASTSimData_Representative_Vehicles_lookup_tables_output/2035_gasoline_Toyota_Sienna_2WD_lookup_table.csv.gz,,,,,1,,,,,Car,0.0125067402425405,ridehail | all:0.0125067402425405; income | all:0.0125067402425405
2035_Toyota_Highlander_2WD,4,0,4.5,gasoline,1.0,40000000000.0,Baseline_FASTSimData_Representative_Vehicles_lookup_tables_output/2035_gasoline_Toyota_Highlander_2WD_lookup_table.csv.gz,,,,,1,,,,,Car,0.1460652961314911,ridehail | all:0.1460652961314911; income | all:0.1460652961314911
2035_Chevrolet_City_Express_Cargo_Van,4,0,4.5,gasoline,1.0,40000000000.0,Baseline_FASTSimData_Representative_Vehicles_lookup_tables_output/2035_gasoline_Chevrolet_City_Express_Cargo_Van_lookup_table.csv.gz,,,,,1,,,,,Car,0.0040224989380424,ridehail | all:0.0040224989380424; income | all:0.0040224989380424
2035_Toyota_Mirai,4,0,4.5,hydrogen,1.0,40000000000.0,Baseline_FASTSimData_Representative_Vehicles_lookup_tables_output/2035_hydrogen_Toyota_Mirai_lookup_table.csv.gz,,,,,1,,,,,Car,0.0070354589535519,ridehail | all:0.0070354589535519; income | all:0.0070354589535519
2030_Honda_Odysseyc5,4,0,4.5,hydrogen,1.0,40000000000.0,Baseline_FASTSimData_Representative_Vehicles_lookup_tables_output/2030_hydrogen_Honda_Odysseyc5_lookup_table.csv.gz,,,,,1,,,,,Car,0.0025142101912423,ridehail | all:0.0025142101912423; income | all:0.0025142101912423
2030_Tesla_Model_3e6e3,4,0,4.5,electricity,1.0,258781111.11111113,Baseline_FASTSimData_Representative_Vehicles_lookup_tables_output/2030_electric_Tesla_Model_3e6e3_lookup_table.csv.gz,,,,,1,,,,,Car,0.1487511621382833,ridehail | all:0.1487511621382833; income | all:0.1487511621382833
2030_GMC_Acadia_FWD,4,0,4.5,gasoline,1.0,40000000000.0,Baseline_FASTSimData_Representative_Vehicles_lookup_tables_output/2030_gasoline_GMC_Acadia_FWD_lookup_table.csv.gz,,,,,1,,,,,Car,0.1666915858560682,ridehail | all:0.1666915858560682; income | all:0.1666915858560682
2030_Chrysler_200,4,0,4.5,gasoline,1.0,40000000000.0,Baseline_FASTSimData_Representative_Vehicles_lookup_tables_output/2030_gasoline_Chrysler_200_lookup_table.csv.gz,,,,,1,,,,,Car,0.2060059754639875,ridehail | all:0.2060059754639875; income | all:0.2060059754639875
2030_Tesla_Model_Ye3,4,0,4.5,electricity,1.0,291572222.22222215,Baseline_FASTSimData_Representative_Vehicles_lookup_tables_output/2030_electric_Tesla_Model_Ye3_lookup_table.csv.gz,,,,,1,,,,,Car,0.268687974044369,ridehail | all:0.268687974044369; income | all:0.268687974044369
2030_Ram_1500_4WDc6,4,0,4.5,hydrogen,1.0,40000000000.0,Baseline_FASTSimData_Representative_Vehicles_lookup_tables_output/2030_hydrogen_Ram_1500_4WDc6_lookup_table.csv.gz,gasoline,1000.0,Baseline_FASTSimData_Representative_Vehicles_lookup_tables_output/2030_gasoline_Ram_1500_4WDc6_Charge_Sustaining_lookup_table.csv.gz,40000000000.0,1,,,,,Car,0.000570986436516,ridehail | all:0.000570986436516; income | all:0.000570986436516
2030_Infiniti_QX60_Hybrid_FWD,4,0,4.5,gasoline,1.0,40000000000.0,Baseline_FASTSimData_Representative_Vehicles_lookup_tables_output/2030_gasoline_Infiniti_QX60_Hybrid_FWD_lookup_table.csv.gz,,,,,1,,,,,Car,0.0047144896589145,ridehail | all:0.0047144896589145; income | all:0.0047144896589145
2030_Audi_S3c6,4,0,4.5,electricity,1.0,43200000.0,Baseline_FASTSimData_Representative_Vehicles_lookup_tables_output/2030_electric_Audi_S3c6_Charge_Depleting_lookup_table.csv.gz,gasoline,1000.0,Baseline_FASTSimData_Representative_Vehicles_lookup_tables_output/2030_gasoline_Audi_S3c6_Charge_Sustaining_lookup_table.csv.gz,40000000000.0,1,,,,,Car,0.0049042324590139,ridehail | all:0.0049042324590139; income | all:0.0049042324590139
2030_Chrysler_Town_and_Countryc4,4,0,4.5,electricity,1.0,46800000.0,Baseline_FASTSimData_Representative_Vehicles_lookup_tables_output/2030_electric_Chrysler_Town_and_Countryc4_Charge_Depleting_lookup_table.csv.gz,gasoline,1000.0,Baseline_FASTSimData_Representative_Vehicles_lookup_tables_output/2030_gasoline_Chrysler_Town_and_Countryc4_Charge_Sustaining_lookup_table.csv.gz,40000000000.0,1,,,,,Car,0.0054580404902903,ridehail | all:0.0054580404902903; income | all:0.0054580404902903
2030_Honda_CR-V_2WDc4,4,0,4.5,hydrogen,1.0,40000000000.0,Baseline_FASTSimData_Representative_Vehicles_lookup_tables_output/2030_hydrogen_Honda_CR-V_2WDc4_lookup_table.csv.gz,,,,,1,,,,,Car,0.014664940186099,ridehail | all:0.014664940186099; income | all:0.014664940186099
2030_Toyota_Sienna_2WD,4,0,4.5,gasoline,1.0,40000000000.0,Baseline_FASTSimData_Representative_Vehicles_lookup_tables_output/2030_gasoline_Toyota_Sienna_2WD_lookup_table.csv.gz,,,,,1,,,,,Car,0.0139905923201819,ridehail | all:0.0139905923201819; income | all:0.0139905923201819
2030_Lincoln_MKZ_Hybrid_FWD,4,0,4.5,gasoline,1.0,40000000000.0,Baseline_FASTSimData_Representative_Vehicles_lookup_tables_output/2030_gasoline_Lincoln_MKZ_Hybrid_FWD_lookup_table.csv.gz,,,,,1,,,,,Car,0.0138847042494571,ridehail | all:0.0138847042494571; income | all:0.0138847042494571
2030_Kia_Soulc6,4,0,4.5,hydrogen,1.0,40000000000.0,Baseline_FASTSimData_Representative_Vehicles_lookup_tables_output/2030_hydrogen_Kia_Soulc6_lookup_table.csv.gz,,,,,1,,,,,Car,0.0097934334655923,ridehail | all:0.0097934334655923; income | all:0.0097934334655923
2030_Chevrolet_City_Express_Cargo_Van,4,0,4.5,gasoline,1.0,40000000000.0,Baseline_FASTSimData_Representative_Vehicles_lookup_tables_output/2030_gasoline_Chevrolet_City_Express_Cargo_Van_lookup_table.csv.gz,,,,,1,,,,,Car,0.0040923032622469,ridehail | all:0.0040923032622469; income | all:0.0040923032622469
2030_Chevrolet_Silverado_C15_2WD,4,0,4.5,gasoline,1.0,40000000000.0,Baseline_FASTSimData_Representative_Vehicles_lookup_tables_output/2030_gasoline_Chevrolet_Silverado_C15_2WD_lookup_table.csv.gz,,,,,1,,,,,Car,0.026065162246688,ridehail | all:0.026065162246688; income | all:0.026065162246688
2030_Ford_F150_Pickup_4WDc3,4,0,4.5,electricity,1.0,401518888.88888884,Baseline_FASTSimData_Representative_Vehicles_lookup_tables_output/2030_electric_Ford_F150_Pickup_4WDc3_lookup_table.csv.gz,,,,,1,,,,,Car,0.0052301809731054,ridehail | all:0.0052301809731054; income | all:0.0052301809731054
2030_Subaru_Outback_AWDc2,4,0,4.5,electricity,1.0,72300000.00000001,Baseline_FASTSimData_Representative_Vehicles_lookup_tables_output/2030_electric_Subaru_Outback_AWDc2_Charge_Depleting_lookup_table.csv.gz,gasoline,1000.0,Baseline_FASTSimData_Representative_Vehicles_lookup_tables_output/2030_gasoline_Subaru_Outback_AWDc2_Charge_Sustaining_lookup_table.csv.gz,40000000000.0,1,,,,,Car,0.0948528925966191,ridehail | all:0.0948528925966191; income | all:0.0948528925966191
2030_Toyota_Prius_v,4,0,4.5,gasoline,1.0,40000000000.0,Baseline_FASTSimData_Representative_Vehicles_lookup_tables_output/2030_gasoline_Toyota_Prius_v_lookup_table.csv.gz,,,,,1,,,,,Car,0.0004131307685226,ridehail | all:0.0004131307685226; income | all:0.0004131307685226
2049_Kia_Soulc6,4,0,4.5,hydrogen,1.0,40000000000.0,Baseline_FASTSimData_Representative_Vehicles_lookup_tables_output/2049_hydrogen_Kia_Soulc6_lookup_table.csv.gz,,,,,1,,,,,Car,0.004406095873154,ridehail | all:0.004406095873154; income | all:0.004406095873154
2049_Ram_1500_4WDc6,4,0,4.5,electricity,1.0,46800000.0,Baseline_FASTSimData_Representative_Vehicles_lookup_tables_output/2049_electric_Ram_1500_4WDc6_Charge_Depleting_lookup_table.csv.gz,gasoline,1000.0,Baseline_FASTSimData_Representative_Vehicles_lookup_tables_output/2049_gasoline_Ram_1500_4WDc6_Charge_Sustaining_lookup_table.csv.gz,40000000000.0,1,,,,,Car,0.0006229333009802,ridehail | all:0.0006229333009802; income | all:0.0006229333009802
2049_Subaru_Outback_AWDc2,4,0,4.5,electricity,1.0,72300000.00000001,Baseline_FASTSimData_Representative_Vehicles_lookup_tables_output/2049_electric_Subaru_Outback_AWDc2_Charge_Depleting_lookup_table.csv.gz,gasoline,1000.0,Baseline_FASTSimData_Representative_Vehicles_lookup_tables_output/2049_gasoline_Subaru_Outback_AWDc2_Charge_Sustaining_lookup_table.csv.gz,40000000000.0,1,,,,,Car,0.0348512075362543,ridehail | all:0.0348512075362543; income | all:0.0348512075362543
2049_MINI_Cooper_Pacemanc5,4,0,4.5,electricity,1.0,72300000.00000001,Baseline_FASTSimData_Representative_Vehicles_lookup_tables_output/2049_electric_MINI_Cooper_Pacemanc5_Charge_Depleting_lookup_table.csv.gz,gasoline,1000.0,Baseline_FASTSimData_Representative_Vehicles_lookup_tables_output/2049_gasoline_MINI_Cooper_Pacemanc5_Charge_Sustaining_lookup_table.csv.gz,40000000000.0,1,,,,,Car,0.0002638341635851,ridehail | all:0.0002638341635851; income | all:0.0002638341635851
2049_Ram_1500_4WDc5,4,0,4.5,gasoline,1.0,40000000000.0,Baseline_FASTSimData_Representative_Vehicles_lookup_tables_output/2049_gasoline_Ram_1500_4WDc5_lookup_table.csv.gz,,,,,1,,,,,Car,0.0074187315169021,ridehail | all:0.0074187315169021; income | all:0.0074187315169021
2049_Lexus_NX_300h,4,0,4.5,gasoline,1.0,40000000000.0,Baseline_FASTSimData_Representative_Vehicles_lookup_tables_output/2049_gasoline_Lexus_NX_300h_lookup_table.csv.gz,,,,,1,,,,,Car,0.0037899127569196,ridehail | all:0.0037899127569196; income | all:0.0037899127569196
2049_Ford_F150_Pickup_4WDc3,4,0,4.5,electricity,1.0,401518888.88888884,Baseline_FASTSimData_Representative_Vehicles_lookup_tables_output/2049_electric_Ford_F150_Pickup_4WDc3_lookup_table.csv.gz,,,,,1,,,,,Car,0.0060324218614656,ridehail | all:0.0060324218614656; income | all:0.0060324218614656
2049_Chevrolet_City_Express_Cargo_Van,4,0,4.5,gasoline,1.0,40000000000.0,Baseline_FASTSimData_Representative_Vehicles_lookup_tables_output/2049_gasoline_Chevrolet_City_Express_Cargo_Van_lookup_table.csv.gz,,,,,1,,,,,Car,0.0019078089110078,ridehail | all:0.0019078089110078; income | all:0.0019078089110078
2049_Honda_CR-V_4WDc5,4,0,4.5,hydrogen,1.0,40000000000.0,Baseline_FASTSimData_Representative_Vehicles_lookup_tables_output/2049_hydrogen_Honda_CR-V_4WDc5_lookup_table.csv.gz,,,,,1,,,,,Car,0.0098610597854876,ridehail | all:0.0098610597854876; income | all:0.0098610597854876
2049_Tesla_Model_3e6e3e5,4,0,4.5,electricity,1.0,256370000.00000006,Baseline_FASTSimData_Representative_Vehicles_lookup_tables_output/2049_electric_Tesla_Model_3e6e3e5_lookup_table.csv.gz,,,,,1,,,,,Car,0.36221996385434,ridehail | all:0.36221996385434; income | all:0.36221996385434
2049_Honda_Odysseyc5,4,0,4.5,electricity,1.0,311343333.3333332,Baseline_FASTSimData_Representative_Vehicles_lookup_tables_output/2049_electric_Honda_Odysseyc5_lookup_table.csv.gz,,,,,1,,,,,Car,0.0034643593058979,ridehail | all:0.0034643593058979; income | all:0.0034643593058979
2049_Tesla_Model_Ye6e6e3e3e5e5e5e4,4,0,4.5,electricity,1.0,330150000.0,Baseline_FASTSimData_Representative_Vehicles_lookup_tables_output/2049_electric_Tesla_Model_Ye6e6e3e3e5e5e5e4_lookup_table.csv.gz,,,,,1,,,,,Car,0.3851689885904652,ridehail | all:0.3851689885904652; income | all:0.3851689885904652
2049_Honda_Odysseyc6,4,0,4.5,electricity,1.0,46800000.0,Baseline_FASTSimData_Representative_Vehicles_lookup_tables_output/2049_electric_Honda_Odysseyc6_Charge_Depleting_lookup_table.csv.gz,gasoline,1000.0,Baseline_FASTSimData_Representative_Vehicles_lookup_tables_output/2049_gasoline_Honda_Odysseyc6_Charge_Sustaining_lookup_table.csv.gz,40000000000.0,1,,,,,Car,0.0012527076886052,ridehail | all:0.0012527076886052; income | all:0.0012527076886052
2049_Toyota_Prius_v,4,0,4.5,gasoline,1.0,40000000000.0,Baseline_FASTSimData_Representative_Vehicles_lookup_tables_output/2049_gasoline_Toyota_Prius_v_lookup_table.csv.gz,,,,,1,,,,,Car,0.0002216749331598,ridehail | all:0.0002216749331598; income | all:0.0002216749331598
2049_GMC_Acadia_FWD,4,0,4.5,gasoline,1.0,40000000000.0,Baseline_FASTSimData_Representative_Vehicles_lookup_tables_output/2049_gasoline_GMC_Acadia_FWD_lookup_table.csv.gz,,,,,1,,,,,Car,0.0638542163875474,ridehail | all:0.0638542163875474; income | all:0.0638542163875474
2049_Chevrolet_Malibu,4,0,4.5,gasoline,1.0,40000000000.0,Baseline_FASTSimData_Representative_Vehicles_lookup_tables_output/2049_gasoline_Chevrolet_Malibu_lookup_table.csv.gz,,,,,1,,,,,Car,0.1004132600219974,ridehail | all:0.1004132600219974; income | all:0.1004132600219974
2049_Buick_Regal_eAssist,4,0,4.5,gasoline,1.0,40000000000.0,Baseline_FASTSimData_Representative_Vehicles_lookup_tables_output/2049_gasoline_Buick_Regal_eAssist_lookup_table.csv.gz,,,,,1,,,,,Car,0.0061468820396042,ridehail | all:0.0061468820396042; income | all:0.0061468820396042
2049_Nissan_Quest,4,0,4.5,gasoline,1.0,40000000000.0,Baseline_FASTSimData_Representative_Vehicles_lookup_tables_output/2049_gasoline_Nissan_Quest_lookup_table.csv.gz,,,,,1,,,,,Car,0.0053531434267342,ridehail | all:0.0053531434267342; income | all:0.0053531434267342
2029_Audi_S3c6,4,0,4.5,electricity,1.0,43200000.0,Baseline_FASTSimData_Representative_Vehicles_lookup_tables_output/2029_electric_Audi_S3c6_Charge_Depleting_lookup_table.csv.gz,gasoline,1000.0,Baseline_FASTSimData_Representative_Vehicles_lookup_tables_output/2029_gasoline_Audi_S3c6_Charge_Sustaining_lookup_table.csv.gz,40000000000.0,1,,,,,Car,0.0053971693236065,ridehail | all:0.0053971693236065; income | all:0.0053971693236065
2029_Kia_Soulc6,4,0,4.5,hydrogen,1.0,40000000000.0,Baseline_FASTSimData_Representative_Vehicles_lookup_tables_output/2029_hydrogen_Kia_Soulc6_lookup_table.csv.gz,,,,,1,,,,,Car,0.0093467523840088,ridehail | all:0.0093467523840088; income | all:0.0093467523840088
2029_Tesla_Model_Ye3,4,0,4.5,electricity,1.0,291572222.22222215,Baseline_FASTSimData_Representative_Vehicles_lookup_tables_output/2029_electric_Tesla_Model_Ye3_lookup_table.csv.gz,,,,,1,,,,,Car,0.2539308735707608,ridehail | all:0.2539308735707608; income | all:0.2539308735707608
2029_Subaru_Outback_AWDc2,4,0,4.5,electricity,1.0,72300000.00000001,Baseline_FASTSimData_Representative_Vehicles_lookup_tables_output/2029_electric_Subaru_Outback_AWDc2_Charge_Depleting_lookup_table.csv.gz,gasoline,1000.0,Baseline_FASTSimData_Representative_Vehicles_lookup_tables_output/2029_gasoline_Subaru_Outback_AWDc2_Charge_Sustaining_lookup_table.csv.gz,40000000000.0,1,,,,,Car,0.105952546723279,ridehail | all:0.105952546723279; income | all:0.105952546723279
2029_Ram_1500_4WDc6,4,0,4.5,electricity,1.0,46800000.0,Baseline_FASTSimData_Representative_Vehicles_lookup_tables_output/2029_electric_Ram_1500_4WDc6_Charge_Depleting_lookup_table.csv.gz,gasoline,1000.0,Baseline_FASTSimData_Representative_Vehicles_lookup_tables_output/2029_gasoline_Ram_1500_4WDc6_Charge_Sustaining_lookup_table.csv.gz,40000000000.0,1,,,,,Car,0.0020372600308655,ridehail | all:0.0020372600308655; income | all:0.0020372600308655
2029_Toyota_Sienna_2WD,4,0,4.5,gasoline,1.0,40000000000.0,Baseline_FASTSimData_Representative_Vehicles_lookup_tables_output/2029_gasoline_Toyota_Sienna_2WD_lookup_table.csv.gz,,,,,1,,,,,Car,0.0157572901744699,ridehail | all:0.0157572901744699; income | all:0.0157572901744699
2029_Chrysler_Town_and_Countryc4,4,0,4.5,electricity,1.0,46800000.0,Baseline_FASTSimData_Representative_Vehicles_lookup_tables_output/2029_electric_Chrysler_Town_and_Countryc4_Charge_Depleting_lookup_table.csv.gz,gasoline,1000.0,Baseline_FASTSimData_Representative_Vehicles_lookup_tables_output/2029_gasoline_Chrysler_Town_and_Countryc4_Charge_Sustaining_lookup_table.csv.gz,40000000000.0,1,,,,,Car,0.0060754528138229,ridehail | all:0.0060754528138229; income | all:0.0060754528138229
2029_Honda_CR-V_4WDc5,4,0,4.5,hydrogen,1.0,40000000000.0,Baseline_FASTSimData_Representative_Vehicles_lookup_tables_output/2029_hydrogen_Honda_CR-V_4WDc5_lookup_table.csv.gz,,,,,1,,,,,Car,0.0136745956334613,ridehail | all:0.0136745956334613; income | all:0.0136745956334613
2029_Honda_Odysseyc5,4,0,4.5,hydrogen,1.0,40000000000.0,Baseline_FASTSimData_Representative_Vehicles_lookup_tables_output/2029_hydrogen_Honda_Odysseyc5_lookup_table.csv.gz,,,,,1,,,,,Car,0.0023537774572787,ridehail | all:0.0023537774572787; income | all:0.0023537774572787
2029_Infiniti_QX60_Hybrid_FWD,4,0,4.5,gasoline,1.0,40000000000.0,Baseline_FASTSimData_Representative_Vehicles_lookup_tables_output/2029_gasoline_Infiniti_QX60_Hybrid_FWD_lookup_table.csv.gz,,,,,1,,,,,Car,0.0052409579484349,ridehail | all:0.0052409579484349; income | all:0.0052409579484349
2029_Toyota_Prius_v,4,0,4.5,gasoline,1.0,40000000000.0,Baseline_FASTSimData_Representative_Vehicles_lookup_tables_output/2029_gasoline_Toyota_Prius_v_lookup_table.csv.gz,,,,,1,,,,,Car,0.0004674694998559,ridehail | all:0.0004674694998559; income | all:0.0004674694998559
2029_Buick_LaCrosse_eAssist,4,0,4.5,gasoline,1.0,40000000000.0,Baseline_FASTSimData_Representative_Vehicles_lookup_tables_output/2029_gasoline_Buick_LaCrosse_eAssist_lookup_table.csv.gz,,,,,1,,,,,Car,0.0161566041889946,ridehail | all:0.0161566041889946; income | all:0.0161566041889946
2029_Chevrolet_Silverado_C15_2WD,4,0,4.5,gasoline,1.0,40000000000.0,Baseline_FASTSimData_Representative_Vehicles_lookup_tables_output/2029_gasoline_Chevrolet_Silverado_C15_2WD_lookup_table.csv.gz,,,,,1,,,,,Car,0.0313434867628302,ridehail | all:0.0313434867628302; income | all:0.0313434867628302
2029_Chrysler_200,4,0,4.5,gasoline,1.0,40000000000.0,Baseline_FASTSimData_Representative_Vehicles_lookup_tables_output/2029_gasoline_Chrysler_200_lookup_table.csv.gz,,,,,1,,,,,Car,0.2322743882678122,ridehail | all:0.2322743882678122; income | all:0.2322743882678122
2029_Chevrolet_City_Express_Cargo_Van,4,0,4.5,gasoline,1.0,40000000000.0,Baseline_FASTSimData_Representative_Vehicles_lookup_tables_output/2029_gasoline_Chevrolet_City_Express_Cargo_Van_lookup_table.csv.gz,,,,,1,,,,,Car,0.0046255762587286,ridehail | all:0.0046255762587286; income | all:0.0046255762587286
2029_Chevrolet_Silverado_C15_2WDc5,4,0,4.5,electricity,1.0,401518888.88888884,Baseline_FASTSimData_Representative_Vehicles_lookup_tables_output/2029_electric_Chevrolet_Silverado_C15_2WDc5_lookup_table.csv.gz,,,,,1,,,,,Car,0.0028915243401998,ridehail | all:0.0028915243401998; income | all:0.0028915243401998
2029_Tesla_Model_3e6e3,4,0,4.5,electricity,1.0,258781111.11111113,Baseline_FASTSimData_Representative_Vehicles_lookup_tables_output/2029_electric_Tesla_Model_3e6e3_lookup_table.csv.gz,,,,,1,,,,,Car,0.0972492781583968,ridehail | all:0.0972492781583968; income | all:0.0972492781583968
2029_Toyota_Highlander_2WD,4,0,4.5,gasoline,1.0,40000000000.0,Baseline_FASTSimData_Representative_Vehicles_lookup_tables_output/2029_gasoline_Toyota_Highlander_2WD_lookup_table.csv.gz,,,,,1,,,,,Car,0.1875311116984421,ridehail | all:0.1875311116984421; income | all:0.1875311116984421
2050_Tesla_Model_3e6e3e5,4,0,4.5,electricity,1.0,255887777.77777785,Baseline_FASTSimData_Representative_Vehicles_lookup_tables_output/2050_electric_Tesla_Model_3e6e3e5_lookup_table.csv.gz,,,,,1,,,,,Car,0.3675780820495642,ridehail | all:0.3675780820495642; income | all:0.3675780820495642
2050_Ram_1500_4WDc6,4,0,4.5,hydrogen,1.0,40000000000.0,Baseline_FASTSimData_Representative_Vehicles_lookup_tables_output/2050_hydrogen_Ram_1500_4WDc6_lookup_table.csv.gz,gasoline,1000.0,Baseline_FASTSimData_Representative_Vehicles_lookup_tables_output/2050_gasoline_Ram_1500_4WDc6_Charge_Sustaining_lookup_table.csv.gz,40000000000.0,1,,,,,Car,0.0004042255903533,ridehail | all:0.0004042255903533; income | all:0.0004042255903533
2050_GMC_Acadia_FWD,4,0,4.5,gasoline,1.0,40000000000.0,Baseline_FASTSimData_Representative_Vehicles_lookup_tables_output/2050_gasoline_GMC_Acadia_FWD_lookup_table.csv.gz,,,,,1,,,,,Car,0.0617442415938835,ridehail | all:0.0617442415938835; income | all:0.0617442415938835
2050_Tesla_Model_Ye6e6e3,4,0,4.5,electricity,1.0,336901111.1111111,Baseline_FASTSimData_Representative_Vehicles_lookup_tables_output/2050_electric_Tesla_Model_Ye6e6e3_lookup_table.csv.gz,,,,,1,,,,,Car,0.3888046217414316,ridehail | all:0.3888046217414316; income | all:0.3888046217414316
2050_Chevrolet_Malibu,4,0,4.5,gasoline,1.0,40000000000.0,Baseline_FASTSimData_Representative_Vehicles_lookup_tables_output/2050_gasoline_Chevrolet_Malibu_lookup_table.csv.gz,,,,,1,,,,,Car,0.0970168415315846,ridehail | all:0.0970168415315846; income | all:0.0970168415315846
2050_Ford_F150_Pickup_4WDc3,4,0,4.5,electricity,1.0,401518888.88888884,Baseline_FASTSimData_Representative_Vehicles_lookup_tables_output/2050_electric_Ford_F150_Pickup_4WDc3_lookup_table.csv.gz,,,,,1,,,,,Car,0.0058859365838906,ridehail | all:0.0058859365838906; income | all:0.0058859365838906
2050_Honda_Odysseyc6,4,0,4.5,electricity,1.0,46800000.0,Baseline_FASTSimData_Representative_Vehicles_lookup_tables_output/2050_electric_Honda_Odysseyc6_Charge_Depleting_lookup_table.csv.gz,gasoline,1000.0,Baseline_FASTSimData_Representative_Vehicles_lookup_tables_output/2050_gasoline_Honda_Odysseyc6_Charge_Sustaining_lookup_table.csv.gz,40000000000.0,1,,,,,Car,0.0012133259937808,ridehail | all:0.0012133259937808; income | all:0.0012133259937808
2050_Honda_Odysseyc5,4,0,4.5,electricity,1.0,311343333.3333332,Baseline_FASTSimData_Representative_Vehicles_lookup_tables_output/2050_electric_Honda_Odysseyc5_lookup_table.csv.gz,,,,,1,,,,,Car,0.0033785833114018,ridehail | all:0.0033785833114018; income | all:0.0033785833114018
2050_Subaru_Outback_AWDc2,4,0,4.5,electricity,1.0,72300000.00000001,Baseline_FASTSimData_Representative_Vehicles_lookup_tables_output/2050_electric_Subaru_Outback_AWDc2_Charge_Depleting_lookup_table.csv.gz,gasoline,1000.0,Baseline_FASTSimData_Representative_Vehicles_lookup_tables_output/2050_gasoline_Subaru_Outback_AWDc2_Charge_Sustaining_lookup_table.csv.gz,40000000000.0,1,,,,,Car,0.0337358228337101,ridehail | all:0.0337358228337101; income | all:0.0337358228337101
2050_Chevrolet_City_Express_Cargo_Van,4,0,4.5,gasoline,1.0,40000000000.0,Baseline_FASTSimData_Representative_Vehicles_lookup_tables_output/2050_gasoline_Chevrolet_City_Express_Cargo_Van_lookup_table.csv.gz,,,,,1,,,,,Car,0.0018481114322475,ridehail | all:0.0018481114322475; income | all:0.0018481114322475
2050_Buick_Regal_eAssist,4,0,4.5,gasoline,1.0,40000000000.0,Baseline_FASTSimData_Representative_Vehicles_lookup_tables_output/2050_gasoline_Buick_Regal_eAssist_lookup_table.csv.gz,,,,,1,,,,,Car,0.0057877831634445,ridehail | all:0.0057877831634445; income | all:0.0057877831634445
2050_Nissan_Quest,4,0,4.5,gasoline,1.0,40000000000.0,Baseline_FASTSimData_Representative_Vehicles_lookup_tables_output/2050_gasoline_Nissan_Quest_lookup_table.csv.gz,,,,,1,,,,,Car,0.0051874416078869,ridehail | all:0.0051874416078869; income | all:0.0051874416078869
2050_Kia_Soulc6,4,0,4.5,hydrogen,1.0,40000000000.0,Baseline_FASTSimData_Representative_Vehicles_lookup_tables_output/2050_hydrogen_Kia_Soulc6_lookup_table.csv.gz,,,,,1,,,,,Car,0.0041025104520053,ridehail | all:0.0041025104520053; income | all:0.0041025104520053
2050_Honda_CR-V_4WDc5,4,0,4.5,hydrogen,1.0,40000000000.0,Baseline_FASTSimData_Representative_Vehicles_lookup_tables_output/2050_hydrogen_Honda_CR-V_4WDc5_lookup_table.csv.gz,,,,,1,,,,,Car,0.0096437608610925,ridehail | all:0.0096437608610925; income | all:0.0096437608610925
2050_Ram_1500_4WDc5,4,0,4.5,gasoline,1.0,40000000000.0,Baseline_FASTSimData_Representative_Vehicles_lookup_tables_output/2050_gasoline_Ram_1500_4WDc5_lookup_table.csv.gz,,,,,1,,,,,Car,0.0071940674127118,ridehail | all:0.0071940674127118; income | all:0.0071940674127118
2050_Lexus_NX_300h,4,0,4.5,gasoline,1.0,40000000000.0,Baseline_FASTSimData_Representative_Vehicles_lookup_tables_output/2050_gasoline_Lexus_NX_300h_lookup_table.csv.gz,,,,,1,,,,,Car,0.0036663964680596,ridehail | all:0.0036663964680596; income | all:0.0036663964680596
2050_Toyota_Prius_v,4,0,4.5,gasoline,1.0,40000000000.0,Baseline_FASTSimData_Representative_Vehicles_lookup_tables_output/2050_gasoline_Toyota_Prius_v_lookup_table.csv.gz,,,,,1,,,,,Car,0.0002140985158935,ridehail | all:0.0002140985158935; income | all:0.0002140985158935
2023_Infiniti_QX60_Hybrid_FWD,4,0,4.5,gasoline,1.0,40000000000.0,Baseline_FASTSimData_Representative_Vehicles_lookup_tables_output/2023_gasoline_Infiniti_QX60_Hybrid_FWD_lookup_table.csv.gz,,,,,1,,,,,Car,0.007356539711278,ridehail | all:0.007356539711278; income | all:0.007356539711278
2023_Tesla_Model_Y,4,0,4.5,electricity,1.0,247751999.99999997,Baseline_FASTSimData_Representative_Vehicles_lookup_tables_output/2023_electric_Tesla_Model_Y_lookup_table.csv.gz,,,,,1,,,,,Car,0.0890940893932255,ridehail | all:0.0890940893932255; income | all:0.0890940893932255
2023_Ram_1500_4WDc6,4,0,4.5,electricity,1.0,46800000.0,Baseline_FASTSimData_Representative_Vehicles_lookup_tables_output/2023_electric_Ram_1500_4WDc6_Charge_Depleting_lookup_table.csv.gz,gasoline,1000.0,Baseline_FASTSimData_Representative_Vehicles_lookup_tables_output/2023_gasoline_Ram_1500_4WDc6_Charge_Sustaining_lookup_table.csv.gz,40000000000.0,1,,,,,Car,0.0024856068910856,ridehail | all:0.0024856068910856; income | all:0.0024856068910856
2023_Toyota_Sienna_2WD,4,0,4.5,gasoline,1.0,40000000000.0,Baseline_FASTSimData_Representative_Vehicles_lookup_tables_output/2023_gasoline_Toyota_Sienna_2WD_lookup_table.csv.gz,,,,,1,,,,,Car,0.0248123547528281,ridehail | all:0.0248123547528281; income | all:0.0248123547528281
2023_Honda_CR-V_4WDc3,4,0,4.5,electricity,1.0,46800000.0,Baseline_FASTSimData_Representative_Vehicles_lookup_tables_output/2023_electric_Honda_CR-V_4WDc3_Charge_Depleting_lookup_table.csv.gz,gasoline,1000.0,Baseline_FASTSimData_Representative_Vehicles_lookup_tables_output/2023_gasoline_Honda_CR-V_4WDc3_Charge_Sustaining_lookup_table.csv.gz,40000000000.0,1,,,,,Car,0.0317144005501274,ridehail | all:0.0317144005501274; income | all:0.0317144005501274
2023_Honda_Odysseyc6,4,0,4.5,electricity,1.0,46800000.0,Baseline_FASTSimData_Representative_Vehicles_lookup_tables_output/2023_electric_Honda_Odysseyc6_Charge_Depleting_lookup_table.csv.gz,gasoline,1000.0,Baseline_FASTSimData_Representative_Vehicles_lookup_tables_output/2023_gasoline_Honda_Odysseyc6_Charge_Sustaining_lookup_table.csv.gz,40000000000.0,1,,,,,Car,0.0048544194313713,ridehail | all:0.0048544194313713; income | all:0.0048544194313713
2023_Honda_Odysseyc5,4,0,4.5,electricity,1.0,311343333.3333332,Baseline_FASTSimData_Representative_Vehicles_lookup_tables_output/2023_electric_Honda_Odysseyc5_lookup_table.csv.gz,,,,,1,,,,,Car,0.0068527599362263,ridehail | all:0.0068527599362263; income | all:0.0068527599362263
2023_Toyota_Highlander_2WD,4,0,4.5,gasoline,1.0,40000000000.0,Baseline_FASTSimData_Representative_Vehicles_lookup_tables_output/2023_gasoline_Toyota_Highlander_2WD_lookup_table.csv.gz,,,,,1,,,,,Car,0.298342727645615,ridehail | all:0.298342727645615; income | all:0.298342727645615
2023_Chevrolet_Silverado_C15_2WD,4,0,4.5,gasoline,1.0,40000000000.0,Baseline_FASTSimData_Representative_Vehicles_lookup_tables_output/2023_gasoline_Chevrolet_Silverado_C15_2WD_lookup_table.csv.gz,,,,,1,,,,,Car,0.0566253978505356,ridehail | all:0.0566253978505356; income | all:0.0566253978505356
2023_Toyota_Prius_v,4,0,4.5,gasoline,1.0,40000000000.0,Baseline_FASTSimData_Representative_Vehicles_lookup_tables_output/2023_gasoline_Toyota_Prius_v_lookup_table.csv.gz,,,,,1,,,,,Car,0.0007100795427227,ridehail | all:0.0007100795427227; income | all:0.0007100795427227
2023_Kia_Optima,4,0,4.5,gasoline,1.0,40000000000.0,Baseline_FASTSimData_Representative_Vehicles_lookup_tables_output/2023_gasoline_Kia_Optima_lookup_table.csv.gz,,,,,1,,,,,Car,0.3913811830201853,ridehail | all:0.3913811830201853; income | all:0.3913811830201853
2023_Buick_LaCrosse_eAssist,4,0,4.5,gasoline,1.0,40000000000.0,Baseline_FASTSimData_Representative_Vehicles_lookup_tables_output/2023_gasoline_Buick_LaCrosse_eAssist_lookup_table.csv.gz,,,,,1,,,,,Car,0.0235978820491451,ridehail | all:0.0235978820491451; income | all:0.0235978820491451
2023_Kia_Optimac4,4,0,4.5,electricity,1.0,46800000.0,Baseline_FASTSimData_Representative_Vehicles_lookup_tables_output/2023_electric_Kia_Optimac4_Charge_Depleting_lookup_table.csv.gz,gasoline,1000.0,Baseline_FASTSimData_Representative_Vehicles_lookup_tables_output/2023_gasoline_Kia_Optimac4_Charge_Sustaining_lookup_table.csv.gz,40000000000.0,1,,,,,Car,0.0051316684669534,ridehail | all:0.0051316684669534; income | all:0.0051316684669534
2023_Toyota_RAV4_AWDc4,4,0,4.5,hydrogen,1.0,40000000000.0,Baseline_FASTSimData_Representative_Vehicles_lookup_tables_output/2023_hydrogen_Toyota_RAV4_AWDc4_lookup_table.csv.gz,,,,,1,,,,,Car,0.0028782665335143,ridehail | all:0.0028782665335143; income | all:0.0028782665335143
2023_Tesla_Model_S_(60_kW-hr_battery_pack),4,0,4.5,electricity,1.0,234359999.99999997,Baseline_FASTSimData_Representative_Vehicles_lookup_tables_output/2023_electric_Tesla_Model_S_(60_kW-hr_battery_pack)_lookup_table.csv.gz,,,,,1,,,,,Car,0.0419997371735364,ridehail | all:0.0419997371735364; income | all:0.0419997371735364
2023_Honda_Clarity_FCV,4,0,4.5,hydrogen,1.0,40000000000.0,Baseline_FASTSimData_Representative_Vehicles_lookup_tables_output/2023_hydrogen_Honda_Clarity_FCV_lookup_table.csv.gz,,,,,1,,,,,Car,0.0021212863744961,ridehail | all:0.0021212863744961; income | all:0.0021212863744961
2023_Chevrolet_City_Express_Cargo_Van,4,0,4.5,gasoline,1.0,40000000000.0,Baseline_FASTSimData_Representative_Vehicles_lookup_tables_output/2023_gasoline_Chevrolet_City_Express_Cargo_Van_lookup_table.csv.gz,,,,,1,,,,,Car,0.007421886004885,ridehail | all:0.007421886004885; income | all:0.007421886004885
2026_Subaru_Outback_AWDc2,4,0,4.5,electricity,1.0,72300000.00000001,Baseline_FASTSimData_Representative_Vehicles_lookup_tables_output/2026_electric_Subaru_Outback_AWDc2_Charge_Depleting_lookup_table.csv.gz,gasoline,1000.0,Baseline_FASTSimData_Representative_Vehicles_lookup_tables_output/2026_gasoline_Subaru_Outback_AWDc2_Charge_Sustaining_lookup_table.csv.gz,40000000000.0,1,,,,,Car,0.1302927001317939,ridehail | all:0.1302927001317939; income | all:0.1302927001317939
2026_Toyota_Sienna_2WD,4,0,4.5,gasoline,1.0,40000000000.0,Baseline_FASTSimData_Representative_Vehicles_lookup_tables_output/2026_gasoline_Toyota_Sienna_2WD_lookup_table.csv.gz,,,,,1,,,,,Car,0.0214529755489957,ridehail | all:0.0214529755489957; income | all:0.0214529755489957
2026_Toyota_Prius_v,4,0,4.5,gasoline,1.0,40000000000.0,Baseline_FASTSimData_Representative_Vehicles_lookup_tables_output/2026_gasoline_Toyota_Prius_v_lookup_table.csv.gz,,,,,1,,,,,Car,0.0006504674081283,ridehail | all:0.0006504674081283; income | all:0.0006504674081283
2026_Chrysler_Town_and_Countryc4,4,0,4.5,electricity,1.0,46800000.0,Baseline_FASTSimData_Representative_Vehicles_lookup_tables_output/2026_electric_Chrysler_Town_and_Countryc4_Charge_Depleting_lookup_table.csv.gz,gasoline,1000.0,Baseline_FASTSimData_Representative_Vehicles_lookup_tables_output/2026_gasoline_Chrysler_Town_and_Countryc4_Charge_Sustaining_lookup_table.csv.gz,40000000000.0,1,,,,,Car,0.0079058774134702,ridehail | all:0.0079058774134702; income | all:0.0079058774134702
2026_Buick_Regal_eAssist,4,0,4.5,gasoline,1.0,40000000000.0,Baseline_FASTSimData_Representative_Vehicles_lookup_tables_output/2026_gasoline_Buick_Regal_eAssist_lookup_table.csv.gz,,,,,1,,,,,Car,0.0215677423574401,ridehail | all:0.0215677423574401; income | all:0.0215677423574401
2026_Honda_CR-V_2WDc4,4,0,4.5,hydrogen,1.0,40000000000.0,Baseline_FASTSimData_Representative_Vehicles_lookup_tables_output/2026_hydrogen_Honda_CR-V_2WDc4_lookup_table.csv.gz,,,,,1,,,,,Car,0.0096098703381443,ridehail | all:0.0096098703381443; income | all:0.0096098703381443
2026_Kia_Optima,4,0,4.5,gasoline,1.0,40000000000.0,Baseline_FASTSimData_Representative_Vehicles_lookup_tables_output/2026_gasoline_Kia_Optima_lookup_table.csv.gz,,,,,1,,,,,Car,0.3276294796377983,ridehail | all:0.3276294796377983; income | all:0.3276294796377983
2026_Tesla_Model_Ye3,4,0,4.5,electricity,1.0,291572222.22222215,Baseline_FASTSimData_Representative_Vehicles_lookup_tables_output/2026_electric_Tesla_Model_Ye3_lookup_table.csv.gz,,,,,1,,,,,Car,0.122936098177588,ridehail | all:0.122936098177588; income | all:0.122936098177588
2026_Kia_Optimac3,4,0,4.5,electricity,1.0,310861111.111111,Baseline_FASTSimData_Representative_Vehicles_lookup_tables_output/2026_electric_Kia_Optimac3_lookup_table.csv.gz,,,,,1,,,,,Car,0.0203954566044691,ridehail | all:0.0203954566044691; income | all:0.0203954566044691
2026_Ram_1500_4WDc6,4,0,4.5,electricity,1.0,46800000.0,Baseline_FASTSimData_Representative_Vehicles_lookup_tables_output/2026_electric_Ram_1500_4WDc6_Charge_Depleting_lookup_table.csv.gz,gasoline,1000.0,Baseline_FASTSimData_Representative_Vehicles_lookup_tables_output/2026_gasoline_Ram_1500_4WDc6_Charge_Sustaining_lookup_table.csv.gz,40000000000.0,1,,,,,Car,0.002701003042575,ridehail | all:0.002701003042575; income | all:0.002701003042575
2026_Toyota_Highlander_2WD,4,0,4.5,gasoline,1.0,40000000000.0,Baseline_FASTSimData_Representative_Vehicles_lookup_tables_output/2026_gasoline_Toyota_Highlander_2WD_lookup_table.csv.gz,,,,,1,,,,,Car,0.2570238844689135,ridehail | all:0.2570238844689135; income | all:0.2570238844689135
2026_Honda_Odysseyc5,4,0,4.5,hydrogen,1.0,40000000000.0,Baseline_FASTSimData_Representative_Vehicles_lookup_tables_output/2026_hydrogen_Honda_Odysseyc5_lookup_table.csv.gz,,,,,1,,,,,Car,0.0020500726176201,ridehail | all:0.0020500726176201; income | all:0.0020500726176201
2026_Toyota_Mirai,4,0,4.5,hydrogen,1.0,40000000000.0,Baseline_FASTSimData_Representative_Vehicles_lookup_tables_output/2026_hydrogen_Toyota_Mirai_lookup_table.csv.gz,,,,,1,,,,,Car,0.0058830799950982,ridehail | all:0.0058830799950982; income | all:0.0058830799950982
2026_Audi_S3c6,4,0,4.5,electricity,1.0,43200000.0,Baseline_FASTSimData_Representative_Vehicles_lookup_tables_output/2026_electric_Audi_S3c6_Charge_Depleting_lookup_table.csv.gz,gasoline,1000.0,Baseline_FASTSimData_Representative_Vehicles_lookup_tables_output/2026_gasoline_Audi_S3c6_Charge_Sustaining_lookup_table.csv.gz,40000000000.0,1,,,,,Car,0.0057866698331542,ridehail | all:0.0057866698331542; income | all:0.0057866698331542
2026_Infiniti_QX60_Hybrid_FWD,4,0,4.5,gasoline,1.0,40000000000.0,Baseline_FASTSimData_Representative_Vehicles_lookup_tables_output/2026_gasoline_Infiniti_QX60_Hybrid_FWD_lookup_table.csv.gz,,,,,1,,,,,Car,0.0070222611166547,ridehail | all:0.0070222611166547; income | all:0.0070222611166547
2026_Chevrolet_Silverado_K15_4WD,4,0,4.5,gasoline,1.0,40000000000.0,Baseline_FASTSimData_Representative_Vehicles_lookup_tables_output/2026_gasoline_Chevrolet_Silverado_K15_4WD_lookup_table.csv.gz,,,,,1,,,,,Car,0.0467227969336715,ridehail | all:0.0467227969336715; income | all:0.0467227969336715
2026_Chevrolet_City_Express_Cargo_Van,4,0,4.5,gasoline,1.0,40000000000.0,Baseline_FASTSimData_Representative_Vehicles_lookup_tables_output/2026_gasoline_Chevrolet_City_Express_Cargo_Van_lookup_table.csv.gz,,,,,1,,,,,Car,0.0063368625531962,ridehail | all:0.0063368625531962; income | all:0.0063368625531962
2034_Honda_CR-V_4WDc5,4,0,4.5,hydrogen,1.0,40000000000.0,Baseline_FASTSimData_Representative_Vehicles_lookup_tables_output/2034_hydrogen_Honda_CR-V_4WDc5_lookup_table.csv.gz,,,,,1,,,,,Car,0.0133099110819014,ridehail | all:0.0133099110819014; income | all:0.0133099110819014
2034_Buick_LaCrosse_eAssist,4,0,4.5,gasoline,1.0,40000000000.0,Baseline_FASTSimData_Representative_Vehicles_lookup_tables_output/2034_gasoline_Buick_LaCrosse_eAssist_lookup_table.csv.gz,,,,,1,,,,,Car,0.0134767561984365,ridehail | all:0.0134767561984365; income | all:0.0134767561984365
2034_Tesla_Model_Ye5,4,0,4.5,electricity,1.0,328221111.1111111,Baseline_FASTSimData_Representative_Vehicles_lookup_tables_output/2034_electric_Tesla_Model_Ye5_lookup_table.csv.gz,,,,,1,,,,,Car,0.2709574626990546,ridehail | all:0.2709574626990546; income | all:0.2709574626990546
2034_Toyota_Sienna_2WD,4,0,4.5,gasoline,1.0,40000000000.0,Baseline_FASTSimData_Representative_Vehicles_lookup_tables_output/2034_gasoline_Toyota_Sienna_2WD_lookup_table.csv.gz,,,,,1,,,,,Car,0.0131229339875767,ridehail | all:0.0131229339875767; income | all:0.0131229339875767
2034_Honda_Odysseyc5,4,0,4.5,electricity,1.0,311343333.3333332,Baseline_FASTSimData_Representative_Vehicles_lookup_tables_output/2034_electric_Honda_Odysseyc5_lookup_table.csv.gz,,,,,1,,,,,Car,0.0053031254521819,ridehail | all:0.0053031254521819; income | all:0.0053031254521819
2034_Ford_Fusion_FWD,4,0,4.5,gasoline,1.0,40000000000.0,Baseline_FASTSimData_Representative_Vehicles_lookup_tables_output/2034_gasoline_Ford_Fusion_FWD_lookup_table.csv.gz,,,,,1,,,,,Car,0.2035622440816012,ridehail | all:0.2035622440816012; income | all:0.2035622440816012
2034_Subaru_Outback_AWDc2,4,0,4.5,electricity,1.0,72300000.00000001,Baseline_FASTSimData_Representative_Vehicles_lookup_tables_output/2034_electric_Subaru_Outback_AWDc2_Charge_Depleting_lookup_table.csv.gz,gasoline,1000.0,Baseline_FASTSimData_Representative_Vehicles_lookup_tables_output/2034_gasoline_Subaru_Outback_AWDc2_Charge_Sustaining_lookup_table.csv.gz,40000000000.0,1,,,,,Car,0.0607310817182415,ridehail | all:0.0607310817182415; income | all:0.0607310817182415
2034_Chrysler_Town_and_Countryc4,4,0,4.5,electricity,1.0,46800000.0,Baseline_FASTSimData_Representative_Vehicles_lookup_tables_output/2034_electric_Chrysler_Town_and_Countryc4_Charge_Depleting_lookup_table.csv.gz,gasoline,1000.0,Baseline_FASTSimData_Representative_Vehicles_lookup_tables_output/2034_gasoline_Chrysler_Town_and_Countryc4_Charge_Sustaining_lookup_table.csv.gz,40000000000.0,1,,,,,Car,0.0033194197215932,ridehail | all:0.0033194197215932; income | all:0.0033194197215932
2034_Lexus_NX_300h,4,0,4.5,gasoline,1.0,40000000000.0,Baseline_FASTSimData_Representative_Vehicles_lookup_tables_output/2034_gasoline_Lexus_NX_300h_lookup_table.csv.gz,,,,,1,,,,,Car,0.0076412776794836,ridehail | all:0.0076412776794836; income | all:0.0076412776794836
2034_Kia_Soulc6,4,0,4.5,hydrogen,1.0,40000000000.0,Baseline_FASTSimData_Representative_Vehicles_lookup_tables_output/2034_hydrogen_Kia_Soulc6_lookup_table.csv.gz,,,,,1,,,,,Car,0.0067767628921491,ridehail | all:0.0067767628921491; income | all:0.0067767628921491
2034_BMW_M235ic2,4,0,4.5,electricity,1.0,65699999.999999985,Baseline_FASTSimData_Representative_Vehicles_lookup_tables_output/2034_electric_BMW_M235ic2_Charge_Depleting_lookup_table.csv.gz,gasoline,1000.0,Baseline_FASTSimData_Representative_Vehicles_lookup_tables_output/2034_gasoline_BMW_M235ic2_Charge_Sustaining_lookup_table.csv.gz,40000000000.0,1,,,,,Car,0.0021941599024266,ridehail | all:0.0021941599024266; income | all:0.0021941599024266
2034_Ram_1500_4WDc6,4,0,4.5,electricity,1.0,46800000.0,Baseline_FASTSimData_Representative_Vehicles_lookup_tables_output/2034_electric_Ram_1500_4WDc6_Charge_Depleting_lookup_table.csv.gz,gasoline,1000.0,Baseline_FASTSimData_Representative_Vehicles_lookup_tables_output/2034_gasoline_Ram_1500_4WDc6_Charge_Sustaining_lookup_table.csv.gz,40000000000.0,1,,,,,Car,0.0011080926987835,ridehail | all:0.0011080926987835; income | all:0.0011080926987835
2034_Chevrolet_Silverado_C15_2WD,4,0,4.5,gasoline,1.0,40000000000.0,Baseline_FASTSimData_Representative_Vehicles_lookup_tables_output/2034_gasoline_Chevrolet_Silverado_C15_2WD_lookup_table.csv.gz,,,,,1,,,,,Car,0.022997551129459,ridehail | all:0.022997551129459; income | all:0.022997551129459
2034_Toyota_Highlander_2WD,4,0,4.5,gasoline,1.0,40000000000.0,Baseline_FASTSimData_Representative_Vehicles_lookup_tables_output/2034_gasoline_Toyota_Highlander_2WD_lookup_table.csv.gz,,,,,1,,,,,Car,0.1567851477853188,ridehail | all:0.1567851477853188; income | all:0.1567851477853188
2034_Tesla_Model_3e6e3,4,0,4.5,electricity,1.0,258781111.11111113,Baseline_FASTSimData_Representative_Vehicles_lookup_tables_output/2034_electric_Tesla_Model_3e6e3_lookup_table.csv.gz,,,,,1,,,,,Car,0.205548391539597,ridehail | all:0.205548391539597; income | all:0.205548391539597
2034_Toyota_Prius_v,4,0,4.5,gasoline,1.0,40000000000.0,Baseline_FASTSimData_Representative_Vehicles_lookup_tables_output/2034_gasoline_Toyota_Prius_v_lookup_table.csv.gz,,,,,1,,,,,Car,0.0004145515465026,ridehail | all:0.0004145515465026; income | all:0.0004145515465026
2034_Chevrolet_City_Express_Cargo_Van,4,0,4.5,gasoline,1.0,40000000000.0,Baseline_FASTSimData_Representative_Vehicles_lookup_tables_output/2034_gasoline_Chevrolet_City_Express_Cargo_Van_lookup_table.csv.gz,,,,,1,,,,,Car,0.0042185267654543,ridehail | all:0.0042185267654543; income | all:0.0042185267654543
2034_Ford_F150_Pickup_4WDc3,4,0,4.5,electricity,1.0,401518888.88888884,Baseline_FASTSimData_Representative_Vehicles_lookup_tables_output/2034_electric_Ford_F150_Pickup_4WDc3_lookup_table.csv.gz,,,,,1,,,,,Car,0.0046554881223863,ridehail | all:0.0046554881223863; income | all:0.0046554881223863
2031_Ram_1500_4WDc6,4,0,4.5,hydrogen,1.0,40000000000.0,Baseline_FASTSimData_Representative_Vehicles_lookup_tables_output/2031_hydrogen_Ram_1500_4WDc6_lookup_table.csv.gz,gasoline,1000.0,Baseline_FASTSimData_Representative_Vehicles_lookup_tables_output/2031_gasoline_Ram_1500_4WDc6_Charge_Sustaining_lookup_table.csv.gz,40000000000.0,1,,,,,Car,0.0005491681131916,ridehail | all:0.0005491681131916; income | all:0.0005491681131916
2031_Audi_S3c6,4,0,4.5,electricity,1.0,43200000.0,Baseline_FASTSimData_Representative_Vehicles_lookup_tables_output/2031_electric_Audi_S3c6_Charge_Depleting_lookup_table.csv.gz,gasoline,1000.0,Baseline_FASTSimData_Representative_Vehicles_lookup_tables_output/2031_gasoline_Audi_S3c6_Charge_Sustaining_lookup_table.csv.gz,40000000000.0,1,,,,,Car,0.0043635102123432,ridehail | all:0.0043635102123432; income | all:0.0043635102123432
2031_Lexus_NX_300h,4,0,4.5,gasoline,1.0,40000000000.0,Baseline_FASTSimData_Representative_Vehicles_lookup_tables_output/2031_gasoline_Lexus_NX_300h_lookup_table.csv.gz,,,,,1,,,,,Car,0.0071598127400391,ridehail | all:0.0071598127400391; income | all:0.0071598127400391
2031_Chevrolet_Silverado_C15_2WD,4,0,4.5,gasoline,1.0,40000000000.0,Baseline_FASTSimData_Representative_Vehicles_lookup_tables_output/2031_gasoline_Chevrolet_Silverado_C15_2WD_lookup_table.csv.gz,,,,,1,,,,,Car,0.0235819586904869,ridehail | all:0.0235819586904869; income | all:0.0235819586904869
2031_Lincoln_MKZ_Hybrid_FWD,4,0,4.5,gasoline,1.0,40000000000.0,Baseline_FASTSimData_Representative_Vehicles_lookup_tables_output/2031_gasoline_Lincoln_MKZ_Hybrid_FWD_lookup_table.csv.gz,,,,,1,,,,,Car,0.012590921094174,ridehail | all:0.012590921094174; income | all:0.012590921094174
2031_Honda_Odysseyc5,4,0,4.5,hydrogen,1.0,40000000000.0,Baseline_FASTSimData_Representative_Vehicles_lookup_tables_output/2031_hydrogen_Honda_Odysseyc5_lookup_table.csv.gz,,,,,1,,,,,Car,0.002450735878018,ridehail | all:0.002450735878018; income | all:0.002450735878018
2031_Toyota_Sienna_2WD,4,0,4.5,gasoline,1.0,40000000000.0,Baseline_FASTSimData_Representative_Vehicles_lookup_tables_output/2031_gasoline_Toyota_Sienna_2WD_lookup_table.csv.gz,,,,,1,,,,,Car,0.0126281713402926,ridehail | all:0.0126281713402926; income | all:0.0126281713402926
2031_Tesla_Model_Ye3,4,0,4.5,electricity,1.0,291572222.22222215,Baseline_FASTSimData_Representative_Vehicles_lookup_tables_output/2031_electric_Tesla_Model_Ye3_lookup_table.csv.gz,,,,,1,,,,,Car,0.2772895631840753,ridehail | all:0.2772895631840753; income | all:0.2772895631840753
2031_Subaru_Outback_AWDc2,4,0,4.5,electricity,1.0,72300000.00000001,Baseline_FASTSimData_Representative_Vehicles_lookup_tables_output/2031_electric_Subaru_Outback_AWDc2_Charge_Depleting_lookup_table.csv.gz,gasoline,1000.0,Baseline_FASTSimData_Representative_Vehicles_lookup_tables_output/2031_gasoline_Subaru_Outback_AWDc2_Charge_Sustaining_lookup_table.csv.gz,40000000000.0,1,,,,,Car,0.0909439069281724,ridehail | all:0.0909439069281724; income | all:0.0909439069281724
2031_Ford_F150_Pickup_4WDc3,4,0,4.5,electricity,1.0,401518888.88888884,Baseline_FASTSimData_Representative_Vehicles_lookup_tables_output/2031_electric_Ford_F150_Pickup_4WDc3_lookup_table.csv.gz,,,,,1,,,,,Car,0.00484054455191,ridehail | all:0.00484054455191; income | all:0.00484054455191
2031_Toyota_Prius_v,4,0,4.5,gasoline,1.0,40000000000.0,Baseline_FASTSimData_Representative_Vehicles_lookup_tables_output/2031_gasoline_Toyota_Prius_v_lookup_table.csv.gz,,,,,1,,,,,Car,0.0003724122955888,ridehail | all:0.0003724122955888; income | all:0.0003724122955888
2031_Honda_CR-V_4WDc5,4,0,4.5,hydrogen,1.0,40000000000.0,Baseline_FASTSimData_Representative_Vehicles_lookup_tables_output/2031_hydrogen_Honda_CR-V_4WDc5_lookup_table.csv.gz,,,,,1,,,,,Car,0.0165179998087601,ridehail | all:0.0165179998087601; income | all:0.0165179998087601
2031_Kia_Soulc6,4,0,4.5,hydrogen,1.0,40000000000.0,Baseline_FASTSimData_Representative_Vehicles_lookup_tables_output/2031_hydrogen_Kia_Soulc6_lookup_table.csv.gz,,,,,1,,,,,Car,0.0092314547260696,ridehail | all:0.0092314547260696; income | all:0.0092314547260696
2031_Tesla_Model_3e6e3,4,0,4.5,electricity,1.0,258781111.11111113,Baseline_FASTSimData_Representative_Vehicles_lookup_tables_output/2031_electric_Tesla_Model_3e6e3_lookup_table.csv.gz,,,,,1,,,,,Car,0.1841048308104338,ridehail | all:0.1841048308104338; income | all:0.1841048308104338
2031_GMC_Acadia_FWD,4,0,4.5,gasoline,1.0,40000000000.0,Baseline_FASTSimData_Representative_Vehicles_lookup_tables_output/2031_gasoline_GMC_Acadia_FWD_lookup_table.csv.gz,,,,,1,,,,,Car,0.1513336322161847,ridehail | all:0.1513336322161847; income | all:0.1513336322161847
2031_Chrysler_Town_and_Countryc4,4,0,4.5,electricity,1.0,46800000.0,Baseline_FASTSimData_Representative_Vehicles_lookup_tables_output/2031_electric_Chrysler_Town_and_Countryc4_Charge_Depleting_lookup_table.csv.gz,gasoline,1000.0,Baseline_FASTSimData_Representative_Vehicles_lookup_tables_output/2031_gasoline_Chrysler_Town_and_Countryc4_Charge_Sustaining_lookup_table.csv.gz,40000000000.0,1,,,,,Car,0.0049290297839951,ridehail | all:0.0049290297839951; income | all:0.0049290297839951
2031_Chrysler_200,4,0,4.5,gasoline,1.0,40000000000.0,Baseline_FASTSimData_Representative_Vehicles_lookup_tables_output/2031_gasoline_Chrysler_200_lookup_table.csv.gz,,,,,1,,,,,Car,0.1831387294031297,ridehail | all:0.1831387294031297; income | all:0.1831387294031297
2031_Chevrolet_City_Express_Cargo_Van,4,0,4.5,gasoline,1.0,40000000000.0,Baseline_FASTSimData_Representative_Vehicles_lookup_tables_output/2031_gasoline_Chevrolet_City_Express_Cargo_Van_lookup_table.csv.gz,,,,,1,,,,,Car,0.0036954649959385,ridehail | all:0.0036954649959385; income | all:0.0036954649959385
2048_Honda_CR-V_4WDc5,4,0,4.5,hydrogen,1.0,40000000000.0,Baseline_FASTSimData_Representative_Vehicles_lookup_tables_output/2048_hydrogen_Honda_CR-V_4WDc5_lookup_table.csv.gz,,,,,1,,,,,Car,0.0100686807621155,ridehail | all:0.0100686807621155; income | all:0.0100686807621155
2048_GMC_Acadia_FWD,4,0,4.5,gasoline,1.0,40000000000.0,Baseline_FASTSimData_Representative_Vehicles_lookup_tables_output/2048_gasoline_GMC_Acadia_FWD_lookup_table.csv.gz,,,,,1,,,,,Car,0.0659469915699809,ridehail | all:0.0659469915699809; income | all:0.0659469915699809
2048_Nissan_Quest,4,0,4.5,gasoline,1.0,40000000000.0,Baseline_FASTSimData_Representative_Vehicles_lookup_tables_output/2048_gasoline_Nissan_Quest_lookup_table.csv.gz,,,,,1,,,,,Car,0.0065049670192316,ridehail | all:0.0065049670192316; income | all:0.0065049670192316
2048_Subaru_Outback_AWDc2,4,0,4.5,electricity,1.0,72300000.00000001,Baseline_FASTSimData_Representative_Vehicles_lookup_tables_output/2048_electric_Subaru_Outback_AWDc2_Charge_Depleting_lookup_table.csv.gz,gasoline,1000.0,Baseline_FASTSimData_Representative_Vehicles_lookup_tables_output/2048_gasoline_Subaru_Outback_AWDc2_Charge_Sustaining_lookup_table.csv.gz,40000000000.0,1,,,,,Car,0.0359565132761178,ridehail | all:0.0359565132761178; income | all:0.0359565132761178
2048_Honda_Odysseyc6,4,0,4.5,electricity,1.0,46800000.0,Baseline_FASTSimData_Representative_Vehicles_lookup_tables_output/2048_electric_Honda_Odysseyc6_Charge_Depleting_lookup_table.csv.gz,gasoline,1000.0,Baseline_FASTSimData_Representative_Vehicles_lookup_tables_output/2048_gasoline_Honda_Odysseyc6_Charge_Sustaining_lookup_table.csv.gz,40000000000.0,1,,,,,Car,0.0012916328241187,ridehail | all:0.0012916328241187; income | all:0.0012916328241187
2048_Chevrolet_City_Express_Cargo_Van,4,0,4.5,gasoline,1.0,40000000000.0,Baseline_FASTSimData_Representative_Vehicles_lookup_tables_output/2048_gasoline_Chevrolet_City_Express_Cargo_Van_lookup_table.csv.gz,,,,,1,,,,,Car,0.0019671855004898,ridehail | all:0.0019671855004898; income | all:0.0019671855004898
2048_Lexus_NX_300h,4,0,4.5,gasoline,1.0,40000000000.0,Baseline_FASTSimData_Representative_Vehicles_lookup_tables_output/2048_gasoline_Lexus_NX_300h_lookup_table.csv.gz,,,,,1,,,,,Car,0.0039121445485091,ridehail | all:0.0039121445485091; income | all:0.0039121445485091
2048_Kia_Soulc6,4,0,4.5,hydrogen,1.0,40000000000.0,Baseline_FASTSimData_Representative_Vehicles_lookup_tables_output/2048_hydrogen_Kia_Soulc6_lookup_table.csv.gz,,,,,1,,,,,Car,0.0045056548793332,ridehail | all:0.0045056548793332; income | all:0.0045056548793332
2048_Honda_Odysseyc5,4,0,4.5,electricity,1.0,311343333.3333332,Baseline_FASTSimData_Representative_Vehicles_lookup_tables_output/2048_electric_Honda_Odysseyc5_lookup_table.csv.gz,,,,,1,,,,,Car,0.0035475570514028,ridehail | all:0.0035475570514028; income | all:0.0035475570514028
2048_Ram_1500_4WDc6,4,0,4.5,electricity,1.0,46800000.0,Baseline_FASTSimData_Representative_Vehicles_lookup_tables_output/2048_electric_Ram_1500_4WDc6_Charge_Depleting_lookup_table.csv.gz,gasoline,1000.0,Baseline_FASTSimData_Representative_Vehicles_lookup_tables_output/2048_gasoline_Ram_1500_4WDc6_Charge_Sustaining_lookup_table.csv.gz,40000000000.0,1,,,,,Car,0.0006425604983877,ridehail | all:0.0006425604983877; income | all:0.0006425604983877
2048_MINI_Cooper_Pacemanc5,4,0,4.5,electricity,1.0,72300000.00000001,Baseline_FASTSimData_Representative_Vehicles_lookup_tables_output/2048_electric_MINI_Cooper_Pacemanc5_Charge_Depleting_lookup_table.csv.gz,gasoline,1000.0,Baseline_FASTSimData_Representative_Vehicles_lookup_tables_output/2048_gasoline_MINI_Cooper_Pacemanc5_Charge_Sustaining_lookup_table.csv.gz,40000000000.0,1,,,,,Car,0.0002720589066918,ridehail | all:0.0002720589066918; income | all:0.0002720589066918
2048_Tesla_Model_3e6e3e5,4,0,4.5,electricity,1.0,255887777.77777785,Baseline_FASTSimData_Representative_Vehicles_lookup_tables_output/2048_electric_Tesla_Model_3e6e3e5_lookup_table.csv.gz,,,,,1,,,,,Car,0.3564898002743962,ridehail | all:0.3564898002743962; income | all:0.3564898002743962
2048_Chevrolet_Malibu,4,0,4.5,gasoline,1.0,40000000000.0,Baseline_FASTSimData_Representative_Vehicles_lookup_tables_output/2048_gasoline_Chevrolet_Malibu_lookup_table.csv.gz,,,,,1,,,,,Car,0.1048064443835499,ridehail | all:0.1048064443835499; income | all:0.1048064443835499
2048_Ram_1500_4WDc5,4,0,4.5,gasoline,1.0,40000000000.0,Baseline_FASTSimData_Representative_Vehicles_lookup_tables_output/2048_gasoline_Ram_1500_4WDc5_lookup_table.csv.gz,,,,,1,,,,,Car,0.0078428335828889,ridehail | all:0.0078428335828889; income | all:0.0078428335828889
2048_Toyota_Prius_v,4,0,4.5,gasoline,1.0,40000000000.0,Baseline_FASTSimData_Representative_Vehicles_lookup_tables_output/2048_gasoline_Toyota_Prius_v_lookup_table.csv.gz,,,,,1,,,,,Car,0.0002292073563149,ridehail | all:0.0002292073563149; income | all:0.0002292073563149
2048_Ford_F150_Pickup_4WDc3,4,0,4.5,electricity,1.0,401518888.88888884,Baseline_FASTSimData_Representative_Vehicles_lookup_tables_output/2048_electric_Ford_F150_Pickup_4WDc3_lookup_table.csv.gz,,,,,1,,,,,Car,0.0048640969147603,ridehail | all:0.0048640969147603; income | all:0.0048640969147603
2048_Tesla_Model_Ye6e6e3e3e5e5e5e4,4,0,4.5,electricity,1.0,330150000.0,Baseline_FASTSimData_Representative_Vehicles_lookup_tables_output/2048_electric_Tesla_Model_Ye6e6e3e3e5e5e5e4_lookup_table.csv.gz,,,,,1,,,,,Car,0.3819842487381462,ridehail | all:0.3819842487381462; income | all:0.3819842487381462
2048_Buick_Regal_eAssist,4,0,4.5,gasoline,1.0,40000000000.0,Baseline_FASTSimData_Representative_Vehicles_lookup_tables_output/2048_gasoline_Buick_Regal_eAssist_lookup_table.csv.gz,,,,,1,,,,,Car,0.0063523634864989,ridehail | all:0.0063523634864989; income | all:0.0063523634864989
2047_Honda_Odysseyc5,4,0,4.5,electricity,1.0,311343333.3333332,Baseline_FASTSimData_Representative_Vehicles_lookup_tables_output/2047_electric_Honda_Odysseyc5_lookup_table.csv.gz,,,,,1,,,,,Car,0.0036342458867308,ridehail | all:0.0036342458867308; income | all:0.0036342458867308
2047_Tesla_Model_3e6e3e5,4,0,4.5,electricity,1.0,255887777.77777785,Baseline_FASTSimData_Representative_Vehicles_lookup_tables_output/2047_electric_Tesla_Model_3e6e3e5_lookup_table.csv.gz,,,,,1,,,,,Car,0.348840783073058,ridehail | all:0.348840783073058; income | all:0.348840783073058
2047_Toyota_Sienna_2WD,4,0,4.5,gasoline,1.0,40000000000.0,Baseline_FASTSimData_Representative_Vehicles_lookup_tables_output/2047_gasoline_Toyota_Sienna_2WD_lookup_table.csv.gz,,,,,1,,,,,Car,0.0076699727218771,ridehail | all:0.0076699727218771; income | all:0.0076699727218771
2047_Ram_1500_4WDc6,4,0,4.5,electricity,1.0,46800000.0,Baseline_FASTSimData_Representative_Vehicles_lookup_tables_output/2047_electric_Ram_1500_4WDc6_Charge_Depleting_lookup_table.csv.gz,gasoline,1000.0,Baseline_FASTSimData_Representative_Vehicles_lookup_tables_output/2047_gasoline_Ram_1500_4WDc6_Charge_Sustaining_lookup_table.csv.gz,40000000000.0,1,,,,,Car,0.0006630433230598,ridehail | all:0.0006630433230598; income | all:0.0006630433230598
2047_Chevrolet_Malibu,4,0,4.5,gasoline,1.0,40000000000.0,Baseline_FASTSimData_Representative_Vehicles_lookup_tables_output/2047_gasoline_Chevrolet_Malibu_lookup_table.csv.gz,,,,,1,,,,,Car,0.1082089370853372,ridehail | all:0.1082089370853372; income | all:0.1082089370853372
2047_Lexus_NX_300h,4,0,4.5,gasoline,1.0,40000000000.0,Baseline_FASTSimData_Representative_Vehicles_lookup_tables_output/2047_gasoline_Lexus_NX_300h_lookup_table.csv.gz,,,,,1,,,,,Car,0.0040392307637388,ridehail | all:0.0040392307637388; income | all:0.0040392307637388
2047_BMW_M235ic2,4,0,4.5,electricity,1.0,72300000.00000001,Baseline_FASTSimData_Representative_Vehicles_lookup_tables_output/2047_electric_BMW_M235ic2_Charge_Depleting_lookup_table.csv.gz,gasoline,1000.0,Baseline_FASTSimData_Representative_Vehicles_lookup_tables_output/2047_gasoline_BMW_M235ic2_Charge_Sustaining_lookup_table.csv.gz,40000000000.0,1,,,,,Car,0.000507939333323,ridehail | all:0.000507939333323; income | all:0.000507939333323
2047_Subaru_Outback_AWDc2,4,0,4.5,electricity,1.0,72300000.00000001,Baseline_FASTSimData_Representative_Vehicles_lookup_tables_output/2047_electric_Subaru_Outback_AWDc2_Charge_Depleting_lookup_table.csv.gz,gasoline,1000.0,Baseline_FASTSimData_Representative_Vehicles_lookup_tables_output/2047_gasoline_Subaru_Outback_AWDc2_Charge_Sustaining_lookup_table.csv.gz,40000000000.0,1,,,,,Car,0.0371112861680679,ridehail | all:0.0371112861680679; income | all:0.0371112861680679
2047_Honda_Odysseyc6,4,0,4.5,electricity,1.0,46800000.0,Baseline_FASTSimData_Representative_Vehicles_lookup_tables_output/2047_electric_Honda_Odysseyc6_Charge_Depleting_lookup_table.csv.gz,gasoline,1000.0,Baseline_FASTSimData_Representative_Vehicles_lookup_tables_output/2047_gasoline_Honda_Odysseyc6_Charge_Sustaining_lookup_table.csv.gz,40000000000.0,1,,,,,Car,0.0013322409436401,ridehail | all:0.0013322409436401; income | all:0.0013322409436401
2047_GMC_Acadia_FWD,4,0,4.5,gasoline,1.0,40000000000.0,Baseline_FASTSimData_Representative_Vehicles_lookup_tables_output/2047_gasoline_GMC_Acadia_FWD_lookup_table.csv.gz,,,,,1,,,,,Car,0.0697816697498022,ridehail | all:0.0697816697498022; income | all:0.0697816697498022
2047_Ford_Transit_Connect_Van_2WDc2,4,0,4.5,electricity,1.0,357636666.6666665,Baseline_FASTSimData_Representative_Vehicles_lookup_tables_output/2047_electric_Ford_Transit_Connect_Van_2WDc2_lookup_table.csv.gz,,,,,1,,,,,Car,0.0007301618911641,ridehail | all:0.0007301618911641; income | all:0.0007301618911641
2047_Chevrolet_City_Express_Cargo_Van,4,0,4.5,gasoline,1.0,40000000000.0,Baseline_FASTSimData_Representative_Vehicles_lookup_tables_output/2047_gasoline_Chevrolet_City_Express_Cargo_Van_lookup_table.csv.gz,,,,,1,,,,,Car,0.0020272554499059,ridehail | all:0.0020272554499059; income | all:0.0020272554499059
2047_Toyota_Prius_v,4,0,4.5,gasoline,1.0,40000000000.0,Baseline_FASTSimData_Representative_Vehicles_lookup_tables_output/2047_gasoline_Toyota_Prius_v_lookup_table.csv.gz,,,,,1,,,,,Car,0.0002370620434471,ridehail | all:0.0002370620434471; income | all:0.0002370620434471
2047_Ford_F150_Pickup_4WDc3,4,0,4.5,electricity,1.0,401518888.88888884,Baseline_FASTSimData_Representative_Vehicles_lookup_tables_output/2047_electric_Ford_F150_Pickup_4WDc3_lookup_table.csv.gz,,,,,1,,,,,Car,0.0049800193230906,ridehail | all:0.0049800193230906; income | all:0.0049800193230906
2047_Buick_Regal_eAssist,4,0,4.5,gasoline,1.0,40000000000.0,Baseline_FASTSimData_Representative_Vehicles_lookup_tables_output/2047_gasoline_Buick_Regal_eAssist_lookup_table.csv.gz,,,,,1,,,,,Car,0.0065665800963646,ridehail | all:0.0065665800963646; income | all:0.0065665800963646
2047_Kia_Soulc6,4,0,4.5,hydrogen,1.0,40000000000.0,Baseline_FASTSimData_Representative_Vehicles_lookup_tables_output/2047_hydrogen_Kia_Soulc6_lookup_table.csv.gz,,,,,1,,,,,Car,0.0047174722404546,ridehail | all:0.0047174722404546; income | all:0.0047174722404546
2047_Honda_CR-V_4WDc5,4,0,4.5,hydrogen,1.0,40000000000.0,Baseline_FASTSimData_Representative_Vehicles_lookup_tables_output/2047_hydrogen_Honda_CR-V_4WDc5_lookup_table.csv.gz,,,,,1,,,,,Car,0.010284694719193,ridehail | all:0.010284694719193; income | all:0.010284694719193
2047_Tesla_Model_Ye3,4,0,4.5,electricity,1.0,328221111.1111111,Baseline_FASTSimData_Representative_Vehicles_lookup_tables_output/2047_electric_Tesla_Model_Ye3_lookup_table.csv.gz,,,,,1,,,,,Car,0.3777150180859438,ridehail | all:0.3777150180859438; income | all:0.3777150180859438
2047_Ram_1500_4WDc5,4,0,4.5,gasoline,1.0,40000000000.0,Baseline_FASTSimData_Representative_Vehicles_lookup_tables_output/2047_gasoline_Ram_1500_4WDc5_lookup_table.csv.gz,,,,,1,,,,,Car,0.0080696134872548,ridehail | all:0.0080696134872548; income | all:0.0080696134872548
2042_Toyota_Sienna_2WD,4,0,4.5,gasoline,1.0,40000000000.0,Baseline_FASTSimData_Representative_Vehicles_lookup_tables_output/2042_gasoline_Toyota_Sienna_2WD_lookup_table.csv.gz,,,,,1,,,,,Car,0.0091638366759705,ridehail | all:0.0091638366759705; income | all:0.0091638366759705
2042_Ram_1500_4WDc6,4,0,4.5,hydrogen,1.0,40000000000.0,Baseline_FASTSimData_Representative_Vehicles_lookup_tables_output/2042_hydrogen_Ram_1500_4WDc6_lookup_table.csv.gz,gasoline,1000.0,Baseline_FASTSimData_Representative_Vehicles_lookup_tables_output/2042_gasoline_Ram_1500_4WDc6_Charge_Sustaining_lookup_table.csv.gz,40000000000.0,1,,,,,Car,0.0004440926489651,ridehail | all:0.0004440926489651; income | all:0.0004440926489651
2042_Toyota_Prius_v,4,0,4.5,gasoline,1.0,40000000000.0,Baseline_FASTSimData_Representative_Vehicles_lookup_tables_output/2042_gasoline_Toyota_Prius_v_lookup_table.csv.gz,,,,,1,,,,,Car,0.0002845338865432,ridehail | all:0.0002845338865432; income | all:0.0002845338865432
2042_Chrysler_Town_and_Countryc4,4,0,4.5,electricity,1.0,46800000.0,Baseline_FASTSimData_Representative_Vehicles_lookup_tables_output/2042_electric_Chrysler_Town_and_Countryc4_Charge_Depleting_lookup_table.csv.gz,gasoline,1000.0,Baseline_FASTSimData_Representative_Vehicles_lookup_tables_output/2042_gasoline_Chrysler_Town_and_Countryc4_Charge_Sustaining_lookup_table.csv.gz,40000000000.0,1,,,,,Car,0.0023620608995265,ridehail | all:0.0023620608995265; income | all:0.0023620608995265
2042_Subaru_Outback_AWDc2,4,0,4.5,electricity,1.0,72300000.00000001,Baseline_FASTSimData_Representative_Vehicles_lookup_tables_output/2042_electric_Subaru_Outback_AWDc2_Charge_Depleting_lookup_table.csv.gz,gasoline,1000.0,Baseline_FASTSimData_Representative_Vehicles_lookup_tables_output/2042_gasoline_Subaru_Outback_AWDc2_Charge_Sustaining_lookup_table.csv.gz,40000000000.0,1,,,,,Car,0.042968931402383,ridehail | all:0.042968931402383; income | all:0.042968931402383
2042_Honda_Odysseyc5,4,0,4.5,hydrogen,1.0,40000000000.0,Baseline_FASTSimData_Representative_Vehicles_lookup_tables_output/2042_hydrogen_Honda_Odysseyc5_lookup_table.csv.gz,,,,,1,,,,,Car,0.0016292873919337,ridehail | all:0.0016292873919337; income | all:0.0016292873919337
2042_Honda_CR-V_4WDc5,4,0,4.5,hydrogen,1.0,40000000000.0,Baseline_FASTSimData_Representative_Vehicles_lookup_tables_output/2042_hydrogen_Honda_CR-V_4WDc5_lookup_table.csv.gz,,,,,1,,,,,Car,0.0109606136886609,ridehail | all:0.0109606136886609; income | all:0.0109606136886609
2042_Ford_F150_Pickup_4WDc3,4,0,4.5,electricity,1.0,401518888.88888884,Baseline_FASTSimData_Representative_Vehicles_lookup_tables_output/2042_electric_Ford_F150_Pickup_4WDc3_lookup_table.csv.gz,,,,,1,,,,,Car,0.0047625859128487,ridehail | all:0.0047625859128487; income | all:0.0047625859128487
2042_Chevrolet_City_Express_Cargo_Van,4,0,4.5,gasoline,1.0,40000000000.0,Baseline_FASTSimData_Representative_Vehicles_lookup_tables_output/2042_gasoline_Chevrolet_City_Express_Cargo_Van_lookup_table.csv.gz,,,,,1,,,,,Car,0.0024177541042041,ridehail | all:0.0024177541042041; income | all:0.0024177541042041
2042_Kia_Soulc6,4,0,4.5,hydrogen,1.0,40000000000.0,Baseline_FASTSimData_Representative_Vehicles_lookup_tables_output/2042_hydrogen_Kia_Soulc6_lookup_table.csv.gz,,,,,1,,,,,Car,0.0055299508569046,ridehail | all:0.0055299508569046; income | all:0.0055299508569046
2042_MINI_Cooper_Pacemanc5,4,0,4.5,electricity,1.0,72300000.00000001,Baseline_FASTSimData_Representative_Vehicles_lookup_tables_output/2042_electric_MINI_Cooper_Pacemanc5_Charge_Depleting_lookup_table.csv.gz,gasoline,1000.0,Baseline_FASTSimData_Representative_Vehicles_lookup_tables_output/2042_gasoline_MINI_Cooper_Pacemanc5_Charge_Sustaining_lookup_table.csv.gz,40000000000.0,1,,,,,Car,0.0015673678224668,ridehail | all:0.0015673678224668; income | all:0.0015673678224668
2042_Lincoln_MKZ_Hybrid_FWD,4,0,4.5,gasoline,1.0,40000000000.0,Baseline_FASTSimData_Representative_Vehicles_lookup_tables_output/2042_gasoline_Lincoln_MKZ_Hybrid_FWD_lookup_table.csv.gz,,,,,1,,,,,Car,0.0087950075670867,ridehail | all:0.0087950075670867; income | all:0.0087950075670867
2042_Ram_1500_4WDc5,4,0,4.5,gasoline,1.0,40000000000.0,Baseline_FASTSimData_Representative_Vehicles_lookup_tables_output/2042_gasoline_Ram_1500_4WDc5_lookup_table.csv.gz,,,,,1,,,,,Car,0.013471371659894,ridehail | all:0.013471371659894; income | all:0.013471371659894
2042_Infiniti_QX60_Hybrid_FWD,4,0,4.5,gasoline,1.0,40000000000.0,Baseline_FASTSimData_Representative_Vehicles_lookup_tables_output/2042_gasoline_Infiniti_QX60_Hybrid_FWD_lookup_table.csv.gz,,,,,1,,,,,Car,0.0043972785896706,ridehail | all:0.0043972785896706; income | all:0.0043972785896706
2042_Tesla_Model_3e6e3e5,4,0,4.5,electricity,1.0,253476666.66666666,Baseline_FASTSimData_Representative_Vehicles_lookup_tables_output/2042_electric_Tesla_Model_3e6e3e5_lookup_table.csv.gz,,,,,1,,,,,Car,0.3106019424913799,ridehail | all:0.3106019424913799; income | all:0.3106019424913799
2042_Ford_Fusion_FWD,4,0,4.5,gasoline,1.0,40000000000.0,Baseline_FASTSimData_Representative_Vehicles_lookup_tables_output/2042_gasoline_Ford_Fusion_FWD_lookup_table.csv.gz,,,,,1,,,,,Car,0.1321739240342855,ridehail | all:0.1321739240342855; income | all:0.1321739240342855
2042_Ford_Transit_Connect_Van_2WDc2,4,0,4.5,electricity,1.0,357636666.6666665,Baseline_FASTSimData_Representative_Vehicles_lookup_tables_output/2042_electric_Ford_Transit_Connect_Van_2WDc2_lookup_table.csv.gz,,,,,1,,,,,Car,0.0008395995920235,ridehail | all:0.0008395995920235; income | all:0.0008395995920235
2042_Tesla_Model_Ye5,4,0,4.5,electricity,1.0,328221111.1111111,Baseline_FASTSimData_Representative_Vehicles_lookup_tables_output/2042_electric_Tesla_Model_Ye5_lookup_table.csv.gz,,,,,1,,,,,Car,0.3480037411580104,ridehail | all:0.3480037411580104; income | all:0.3480037411580104
2042_GMC_Acadia_FWD,4,0,4.5,gasoline,1.0,40000000000.0,Baseline_FASTSimData_Representative_Vehicles_lookup_tables_output/2042_gasoline_GMC_Acadia_FWD_lookup_table.csv.gz,,,,,1,,,,,Car,0.0935882242650692,ridehail | all:0.0935882242650692; income | all:0.0935882242650692
2041_Ford_Transit_Connect_Van_2WDc2,4,0,4.5,electricity,1.0,357636666.6666665,Baseline_FASTSimData_Representative_Vehicles_lookup_tables_output/2041_electric_Ford_Transit_Connect_Van_2WDc2_lookup_table.csv.gz,,,,,1,,,,,Car,0.000867037807716,ridehail | all:0.000867037807716; income | all:0.000867037807716
2041_Ram_1500_4WDc5,4,0,4.5,gasoline,1.0,40000000000.0,Baseline_FASTSimData_Representative_Vehicles_lookup_tables_output/2041_gasoline_Ram_1500_4WDc5_lookup_table.csv.gz,,,,,1,,,,,Car,0.0148261264562362,ridehail | all:0.0148261264562362; income | all:0.0148261264562362
2041_Tesla_Model_Ye5,4,0,4.5,electricity,1.0,328221111.1111111,Baseline_FASTSimData_Representative_Vehicles_lookup_tables_output/2041_electric_Tesla_Model_Ye5_lookup_table.csv.gz,,,,,1,,,,,Car,0.3388129756028116,ridehail | all:0.3388129756028116; income | all:0.3388129756028116
2041_Chrysler_Town_and_Countryc4,4,0,4.5,electricity,1.0,46800000.0,Baseline_FASTSimData_Representative_Vehicles_lookup_tables_output/2041_electric_Chrysler_Town_and_Countryc4_Charge_Depleting_lookup_table.csv.gz,gasoline,1000.0,Baseline_FASTSimData_Representative_Vehicles_lookup_tables_output/2041_gasoline_Chrysler_Town_and_Countryc4_Charge_Sustaining_lookup_table.csv.gz,40000000000.0,1,,,,,Car,0.0024531329480367,ridehail | all:0.0024531329480367; income | all:0.0024531329480367
2041_Ram_1500_4WDc6,4,0,4.5,electricity,1.0,46800000.0,Baseline_FASTSimData_Representative_Vehicles_lookup_tables_output/2041_electric_Ram_1500_4WDc6_Charge_Depleting_lookup_table.csv.gz,gasoline,1000.0,Baseline_FASTSimData_Representative_Vehicles_lookup_tables_output/2041_gasoline_Ram_1500_4WDc6_Charge_Sustaining_lookup_table.csv.gz,40000000000.0,1,,,,,Car,0.0008163155709156,ridehail | all:0.0008163155709156; income | all:0.0008163155709156
2041_Subaru_Outback_AWDc2,4,0,4.5,electricity,1.0,72300000.00000001,Baseline_FASTSimData_Representative_Vehicles_lookup_tables_output/2041_electric_Subaru_Outback_AWDc2_Charge_Depleting_lookup_table.csv.gz,gasoline,1000.0,Baseline_FASTSimData_Representative_Vehicles_lookup_tables_output/2041_gasoline_Subaru_Outback_AWDc2_Charge_Sustaining_lookup_table.csv.gz,40000000000.0,1,,,,,Car,0.0446537794477486,ridehail | all:0.0446537794477486; income | all:0.0446537794477486
2041_MINI_Cooper_Pacemanc5,4,0,4.5,electricity,1.0,72300000.00000001,Baseline_FASTSimData_Representative_Vehicles_lookup_tables_output/2041_electric_MINI_Cooper_Pacemanc5_Charge_Depleting_lookup_table.csv.gz,gasoline,1000.0,Baseline_FASTSimData_Representative_Vehicles_lookup_tables_output/2041_gasoline_MINI_Cooper_Pacemanc5_Charge_Sustaining_lookup_table.csv.gz,40000000000.0,1,,,,,Car,0.0018026239148703,ridehail | all:0.0018026239148703; income | all:0.0018026239148703
2041_Ford_Fusion_FWD,4,0,4.5,gasoline,1.0,40000000000.0,Baseline_FASTSimData_Representative_Vehicles_lookup_tables_output/2041_gasoline_Ford_Fusion_FWD_lookup_table.csv.gz,,,,,1,,,,,Car,0.1373144819331765,ridehail | all:0.1373144819331765; income | all:0.1373144819331765
2041_Honda_Odysseyc5,4,0,4.5,electricity,1.0,311343333.3333332,Baseline_FASTSimData_Representative_Vehicles_lookup_tables_output/2041_electric_Honda_Odysseyc5_lookup_table.csv.gz,,,,,1,,,,,Car,0.0042754932949859,ridehail | all:0.0042754932949859; income | all:0.0042754932949859
2041_Honda_CR-V_4WDc5,4,0,4.5,hydrogen,1.0,40000000000.0,Baseline_FASTSimData_Representative_Vehicles_lookup_tables_output/2041_hydrogen_Honda_CR-V_4WDc5_lookup_table.csv.gz,,,,,1,,,,,Car,0.0112694125781698,ridehail | all:0.0112694125781698; income | all:0.0112694125781698
2041_Toyota_Tundra_2WDc2,4,0,4.5,electricity,1.0,401518888.88888884,Baseline_FASTSimData_Representative_Vehicles_lookup_tables_output/2041_electric_Toyota_Tundra_2WDc2_lookup_table.csv.gz,,,,,1,,,,,Car,0.0045369612268883,ridehail | all:0.0045369612268883; income | all:0.0045369612268883
2041_Toyota_Prius_v,4,0,4.5,gasoline,1.0,40000000000.0,Baseline_FASTSimData_Representative_Vehicles_lookup_tables_output/2041_gasoline_Toyota_Prius_v_lookup_table.csv.gz,,,,,1,,,,,Car,0.0002963487110082,ridehail | all:0.0002963487110082; income | all:0.0002963487110082
2041_Chevrolet_City_Express_Cargo_Van,4,0,4.5,gasoline,1.0,40000000000.0,Baseline_FASTSimData_Representative_Vehicles_lookup_tables_output/2041_gasoline_Chevrolet_City_Express_Cargo_Van_lookup_table.csv.gz,,,,,1,,,,,Car,0.0025112751891883,ridehail | all:0.0025112751891883; income | all:0.0025112751891883
2041_Toyota_Sienna_2WD,4,0,4.5,gasoline,1.0,40000000000.0,Baseline_FASTSimData_Representative_Vehicles_lookup_tables_output/2041_gasoline_Toyota_Sienna_2WD_lookup_table.csv.gz,,,,,1,,,,,Car,0.0095155724763887,ridehail | all:0.0095155724763887; income | all:0.0095155724763887
2041_Kia_Soulc6,4,0,4.5,hydrogen,1.0,40000000000.0,Baseline_FASTSimData_Representative_Vehicles_lookup_tables_output/2041_hydrogen_Kia_Soulc6_lookup_table.csv.gz,,,,,1,,,,,Car,0.0057164324717914,ridehail | all:0.0057164324717914; income | all:0.0057164324717914
2041_GMC_Acadia_FWD,4,0,4.5,gasoline,1.0,40000000000.0,Baseline_FASTSimData_Representative_Vehicles_lookup_tables_output/2041_gasoline_GMC_Acadia_FWD_lookup_table.csv.gz,,,,,1,,,,,Car,0.1007338365154476,ridehail | all:0.1007338365154476; income | all:0.1007338365154476
2041_Infiniti_QX60_Hybrid_FWD,4,0,4.5,gasoline,1.0,40000000000.0,Baseline_FASTSimData_Representative_Vehicles_lookup_tables_output/2041_gasoline_Infiniti_QX60_Hybrid_FWD_lookup_table.csv.gz,,,,,1,,,,,Car,0.0045682836014277,ridehail | all:0.0045682836014277; income | all:0.0045682836014277
2041_Tesla_Model_3e6e3e5,4,0,4.5,electricity,1.0,253476666.66666666,Baseline_FASTSimData_Representative_Vehicles_lookup_tables_output/2041_electric_Tesla_Model_3e6e3e5_lookup_table.csv.gz,,,,,1,,,,,Car,0.3025850690106887,ridehail | all:0.3025850690106887; income | all:0.3025850690106887
2041_Lincoln_MKZ_Hybrid_FWD,4,0,4.5,gasoline,1.0,40000000000.0,Baseline_FASTSimData_Representative_Vehicles_lookup_tables_output/2041_gasoline_Lincoln_MKZ_Hybrid_FWD_lookup_table.csv.gz,,,,,1,,,,,Car,0.0091522550666523,ridehail | all:0.0091522550666523; income | all:0.0091522550666523
2038_Toyota_Highlander_2WD,4,0,4.5,gasoline,1.0,40000000000.0,Baseline_FASTSimData_Representative_Vehicles_lookup_tables_output/2038_gasoline_Toyota_Highlander_2WD_lookup_table.csv.gz,,,,,1,,,,,Car,0.1219209529528901,ridehail | all:0.1219209529528901; income | all:0.1219209529528901
2038_Chrysler_Town_and_Countryc4,4,0,4.5,electricity,1.0,46800000.0,Baseline_FASTSimData_Representative_Vehicles_lookup_tables_output/2038_electric_Chrysler_Town_and_Countryc4_Charge_Depleting_lookup_table.csv.gz,gasoline,1000.0,Baseline_FASTSimData_Representative_Vehicles_lookup_tables_output/2038_gasoline_Chrysler_Town_and_Countryc4_Charge_Sustaining_lookup_table.csv.gz,40000000000.0,1,,,,,Car,0.0027604090386283,ridehail | all:0.0027604090386283; income | all:0.0027604090386283
2038_Toyota_Mirai,4,0,4.5,hydrogen,1.0,40000000000.0,Baseline_FASTSimData_Representative_Vehicles_lookup_tables_output/2038_hydrogen_Toyota_Mirai_lookup_table.csv.gz,,,,,1,,,,,Car,0.006205387278812,ridehail | all:0.006205387278812; income | all:0.006205387278812
2038_Tesla_Model_3e6e3e5,4,0,4.5,electricity,1.0,252030000.00000003,Baseline_FASTSimData_Representative_Vehicles_lookup_tables_output/2038_electric_Tesla_Model_3e6e3e5_lookup_table.csv.gz,,,,,1,,,,,Car,0.2666407876958123,ridehail | all:0.2666407876958123; income | all:0.2666407876958123
2038_Ford_F150_Pickup_4WDc3,4,0,4.5,electricity,1.0,401518888.88888884,Baseline_FASTSimData_Representative_Vehicles_lookup_tables_output/2038_electric_Ford_F150_Pickup_4WDc3_lookup_table.csv.gz,,,,,1,,,,,Car,0.0045511957568583,ridehail | all:0.0045511957568583; income | all:0.0045511957568583
2038_Ford_Transit_Connect_Van_2WDc2,4,0,4.5,electricity,1.0,357636666.6666665,Baseline_FASTSimData_Representative_Vehicles_lookup_tables_output/2038_electric_Ford_Transit_Connect_Van_2WDc2_lookup_table.csv.gz,,,,,1,,,,,Car,0.0009482906659778,ridehail | all:0.0009482906659778; income | all:0.0009482906659778
2038_Lexus_NX_300h,4,0,4.5,gasoline,1.0,40000000000.0,Baseline_FASTSimData_Representative_Vehicles_lookup_tables_output/2038_gasoline_Lexus_NX_300h_lookup_table.csv.gz,,,,,1,,,,,Car,0.006072531349971,ridehail | all:0.006072531349971; income | all:0.006072531349971
2038_Honda_Odysseyc5,4,0,4.5,hydrogen,1.0,40000000000.0,Baseline_FASTSimData_Representative_Vehicles_lookup_tables_output/2038_hydrogen_Honda_Odysseyc5_lookup_table.csv.gz,,,,,1,,,,,Car,0.0018332698988105,ridehail | all:0.0018332698988105; income | all:0.0018332698988105
2038_Subaru_Outback_AWDc2,4,0,4.5,electricity,1.0,72300000.00000001,Baseline_FASTSimData_Representative_Vehicles_lookup_tables_output/2038_electric_Subaru_Outback_AWDc2_Charge_Depleting_lookup_table.csv.gz,gasoline,1000.0,Baseline_FASTSimData_Representative_Vehicles_lookup_tables_output/2038_gasoline_Subaru_Outback_AWDc2_Charge_Sustaining_lookup_table.csv.gz,40000000000.0,1,,,,,Car,0.0503803526747608,ridehail | all:0.0503803526747608; income | all:0.0503803526747608
2038_Toyota_Sienna_2WD,4,0,4.5,gasoline,1.0,40000000000.0,Baseline_FASTSimData_Representative_Vehicles_lookup_tables_output/2038_gasoline_Toyota_Sienna_2WD_lookup_table.csv.gz,,,,,1,,,,,Car,0.0107932831482945,ridehail | all:0.0107932831482945; income | all:0.0107932831482945
2038_Lincoln_MKZ_Hybrid_FWD,4,0,4.5,gasoline,1.0,40000000000.0,Baseline_FASTSimData_Representative_Vehicles_lookup_tables_output/2038_gasoline_Lincoln_MKZ_Hybrid_FWD_lookup_table.csv.gz,,,,,1,,,,,Car,0.0103168231893378,ridehail | all:0.0103168231893378; income | all:0.0103168231893378
2038_BMW_M235ic2,4,0,4.5,electricity,1.0,72300000.00000001,Baseline_FASTSimData_Representative_Vehicles_lookup_tables_output/2038_electric_BMW_M235ic2_Charge_Depleting_lookup_table.csv.gz,gasoline,1000.0,Baseline_FASTSimData_Representative_Vehicles_lookup_tables_output/2038_gasoline_BMW_M235ic2_Charge_Sustaining_lookup_table.csv.gz,40000000000.0,1,,,,,Car,0.0018400357060962,ridehail | all:0.0018400357060962; income | all:0.0018400357060962
2038_Ram_1500_4WDc6,4,0,4.5,electricity,1.0,46800000.0,Baseline_FASTSimData_Representative_Vehicles_lookup_tables_output/2038_electric_Ram_1500_4WDc6_Charge_Depleting_lookup_table.csv.gz,gasoline,1000.0,Baseline_FASTSimData_Representative_Vehicles_lookup_tables_output/2038_gasoline_Ram_1500_4WDc6_Charge_Sustaining_lookup_table.csv.gz,40000000000.0,1,,,,,Car,0.0009196289911799,ridehail | all:0.0009196289911799; income | all:0.0009196289911799
2038_Chevrolet_City_Express_Cargo_Van,4,0,4.5,gasoline,1.0,40000000000.0,Baseline_FASTSimData_Representative_Vehicles_lookup_tables_output/2038_gasoline_Chevrolet_City_Express_Cargo_Van_lookup_table.csv.gz,,,,,1,,,,,Car,0.0034717830707609,ridehail | all:0.0034717830707609; income | all:0.0034717830707609
2038_Ram_1500_4WDc5,4,0,4.5,gasoline,1.0,40000000000.0,Baseline_FASTSimData_Representative_Vehicles_lookup_tables_output/2038_gasoline_Ram_1500_4WDc5_lookup_table.csv.gz,,,,,1,,,,,Car,0.0167676531982721,ridehail | all:0.0167676531982721; income | all:0.0167676531982721
2038_Honda_CR-V_4WDc5,4,0,4.5,hydrogen,1.0,40000000000.0,Baseline_FASTSimData_Representative_Vehicles_lookup_tables_output/2038_hydrogen_Honda_CR-V_4WDc5_lookup_table.csv.gz,,,,,1,,,,,Car,0.0121806791815483,ridehail | all:0.0121806791815483; income | all:0.0121806791815483
2038_Toyota_Prius_v,4,0,4.5,gasoline,1.0,40000000000.0,Baseline_FASTSimData_Representative_Vehicles_lookup_tables_output/2038_gasoline_Toyota_Prius_v_lookup_table.csv.gz,,,,,1,,,,,Car,0.0003377211470378,ridehail | all:0.0003377211470378; income | all:0.0003377211470378
2038_Ford_Fusion_FWD,4,0,4.5,gasoline,1.0,40000000000.0,Baseline_FASTSimData_Representative_Vehicles_lookup_tables_output/2038_gasoline_Ford_Fusion_FWD_lookup_table.csv.gz,,,,,1,,,,,Car,0.1621014005722013,ridehail | all:0.1621014005722013; income | all:0.1621014005722013
2038_Tesla_Model_Ye5,4,0,4.5,electricity,1.0,328221111.1111111,Baseline_FASTSimData_Representative_Vehicles_lookup_tables_output/2038_electric_Tesla_Model_Ye5_lookup_table.csv.gz,,,,,1,,,,,Car,0.3137079215635495,ridehail | all:0.3137079215635495; income | all:0.3137079215635495
2044_Ford_F150_Pickup_4WDc3,4,0,4.5,electricity,1.0,401518888.88888884,Baseline_FASTSimData_Representative_Vehicles_lookup_tables_output/2044_electric_Ford_F150_Pickup_4WDc3_lookup_table.csv.gz,,,,,1,,,,,Car,0.0046918277594829,ridehail | all:0.0046918277594829; income | all:0.0046918277594829
2044_Ram_1500_4WDc6,4,0,4.5,electricity,1.0,46800000.0,Baseline_FASTSimData_Representative_Vehicles_lookup_tables_output/2044_electric_Ram_1500_4WDc6_Charge_Depleting_lookup_table.csv.gz,gasoline,1000.0,Baseline_FASTSimData_Representative_Vehicles_lookup_tables_output/2044_gasoline_Ram_1500_4WDc6_Charge_Sustaining_lookup_table.csv.gz,40000000000.0,1,,,,,Car,0.0007317108631618,ridehail | all:0.0007317108631618; income | all:0.0007317108631618
2044_Lexus_NX_300h,4,0,4.5,gasoline,1.0,40000000000.0,Baseline_FASTSimData_Representative_Vehicles_lookup_tables_output/2044_gasoline_Lexus_NX_300h_lookup_table.csv.gz,,,,,1,,,,,Car,0.0046589101404733,ridehail | all:0.0046589101404733; income | all:0.0046589101404733
2044_Honda_Odysseyc5,4,0,4.5,hydrogen,1.0,40000000000.0,Baseline_FASTSimData_Representative_Vehicles_lookup_tables_output/2044_hydrogen_Honda_Odysseyc5_lookup_table.csv.gz,,,,,1,,,,,Car,0.0015460024593434,ridehail | all:0.0015460024593434; income | all:0.0015460024593434
2044_Honda_Odysseyc6,4,0,4.5,electricity,1.0,46800000.0,Baseline_FASTSimData_Representative_Vehicles_lookup_tables_output/2044_electric_Honda_Odysseyc6_Charge_Depleting_lookup_table.csv.gz,gasoline,1000.0,Baseline_FASTSimData_Representative_Vehicles_lookup_tables_output/2044_gasoline_Honda_Odysseyc6_Charge_Sustaining_lookup_table.csv.gz,40000000000.0,1,,,,,Car,0.0014681644384478,ridehail | all:0.0014681644384478; income | all:0.0014681644384478
2044_GMC_Acadia_FWD,4,0,4.5,gasoline,1.0,40000000000.0,Baseline_FASTSimData_Representative_Vehicles_lookup_tables_output/2044_gasoline_GMC_Acadia_FWD_lookup_table.csv.gz,,,,,1,,,,,Car,0.0838402751265006,ridehail | all:0.0838402751265006; income | all:0.0838402751265006
2044_Subaru_Outback_AWDc2,4,0,4.5,electricity,1.0,72300000.00000001,Baseline_FASTSimData_Representative_Vehicles_lookup_tables_output/2044_electric_Subaru_Outback_AWDc2_Charge_Depleting_lookup_table.csv.gz,gasoline,1000.0,Baseline_FASTSimData_Representative_Vehicles_lookup_tables_output/2044_gasoline_Subaru_Outback_AWDc2_Charge_Sustaining_lookup_table.csv.gz,40000000000.0,1,,,,,Car,0.0409773725626504,ridehail | all:0.0409773725626504; income | all:0.0409773725626504
2044_MINI_Cooper_Pacemanc5,4,0,4.5,electricity,1.0,72300000.00000001,Baseline_FASTSimData_Representative_Vehicles_lookup_tables_output/2044_electric_MINI_Cooper_Pacemanc5_Charge_Depleting_lookup_table.csv.gz,gasoline,1000.0,Baseline_FASTSimData_Representative_Vehicles_lookup_tables_output/2044_gasoline_MINI_Cooper_Pacemanc5_Charge_Sustaining_lookup_table.csv.gz,40000000000.0,1,,,,,Car,0.0014392620763896,ridehail | all:0.0014392620763896; income | all:0.0014392620763896
2044_Kia_Soulc6,4,0,4.5,hydrogen,1.0,40000000000.0,Baseline_FASTSimData_Representative_Vehicles_lookup_tables_output/2044_hydrogen_Kia_Soulc6_lookup_table.csv.gz,,,,,1,,,,,Car,0.0052417778938067,ridehail | all:0.0052417778938067; income | all:0.0052417778938067
2044_Chevrolet_City_Express_Cargo_Van,4,0,4.5,gasoline,1.0,40000000000.0,Baseline_FASTSimData_Representative_Vehicles_lookup_tables_output/2044_gasoline_Chevrolet_City_Express_Cargo_Van_lookup_table.csv.gz,,,,,1,,,,,Car,0.0022417406003062,ridehail | all:0.0022417406003062; income | all:0.0022417406003062
2044_Toyota_Sienna_2WD,4,0,4.5,gasoline,1.0,40000000000.0,Baseline_FASTSimData_Representative_Vehicles_lookup_tables_output/2044_gasoline_Toyota_Sienna_2WD_lookup_table.csv.gz,,,,,1,,,,,Car,0.0084880028442647,ridehail | all:0.0084880028442647; income | all:0.0084880028442647
2044_Tesla_Model_3e6e3e5,4,0,4.5,electricity,1.0,255887777.77777785,Baseline_FASTSimData_Representative_Vehicles_lookup_tables_output/2044_electric_Tesla_Model_3e6e3e5_lookup_table.csv.gz,,,,,1,,,,,Car,0.3269876089447389,ridehail | all:0.3269876089447389; income | all:0.3269876089447389
2044_Tesla_Model_Ye5,4,0,4.5,electricity,1.0,328221111.1111111,Baseline_FASTSimData_Representative_Vehicles_lookup_tables_output/2044_electric_Tesla_Model_Ye5_lookup_table.csv.gz,,,,,1,,,,,Car,0.3610813620474399,ridehail | all:0.3610813620474399; income | all:0.3610813620474399
2044_Ford_Fusion_FWD,4,0,4.5,gasoline,1.0,40000000000.0,Baseline_FASTSimData_Representative_Vehicles_lookup_tables_output/2044_gasoline_Ford_Fusion_FWD_lookup_table.csv.gz,,,,,1,,,,,Car,0.1215831517529322,ridehail | all:0.1215831517529322; income | all:0.1215831517529322
2044_Ram_1500_4WDc5,4,0,4.5,gasoline,1.0,40000000000.0,Baseline_FASTSimData_Representative_Vehicles_lookup_tables_output/2044_gasoline_Ram_1500_4WDc5_lookup_table.csv.gz,,,,,1,,,,,Car,0.0098457104187539,ridehail | all:0.0098457104187539; income | all:0.0098457104187539
2044_Honda_CR-V_4WDc5,4,0,4.5,hydrogen,1.0,40000000000.0,Baseline_FASTSimData_Representative_Vehicles_lookup_tables_output/2044_hydrogen_Honda_CR-V_4WDc5_lookup_table.csv.gz,,,,,1,,,,,Car,0.0110005551197068,ridehail | all:0.0110005551197068; income | all:0.0110005551197068
2044_Toyota_Prius_v,4,0,4.5,gasoline,1.0,40000000000.0,Baseline_FASTSimData_Representative_Vehicles_lookup_tables_output/2044_gasoline_Toyota_Prius_v_lookup_table.csv.gz,,,,,1,,,,,Car,0.0002635489406169,ridehail | all:0.0002635489406169; income | all:0.0002635489406169
2044_Ford_Transit_Connect_Van_2WDc2,4,0,4.5,electricity,1.0,357636666.6666665,Baseline_FASTSimData_Representative_Vehicles_lookup_tables_output/2044_electric_Ford_Transit_Connect_Van_2WDc2_lookup_table.csv.gz,,,,,1,,,,,Car,0.0007914925805406,ridehail | all:0.0007914925805406; income | all:0.0007914925805406
2044_Buick_Regal_eAssist,4,0,4.5,gasoline,1.0,40000000000.0,Baseline_FASTSimData_Representative_Vehicles_lookup_tables_output/2044_gasoline_Buick_Regal_eAssist_lookup_table.csv.gz,,,,,1,,,,,Car,0.007448402654759,ridehail | all:0.007448402654759; income | all:0.007448402654759
2032_Toyota_Prius_v,4,0,4.5,gasoline,1.0,40000000000.0,Baseline_FASTSimData_Representative_Vehicles_lookup_tables_output/2032_gasoline_Toyota_Prius_v_lookup_table.csv.gz,,,,,1,,,,,Car,0.000343608031316,ridehail | all:0.000343608031316; income | all:0.000343608031316
2032_Honda_Odysseyc5,4,0,4.5,electricity,1.0,311343333.3333332,Baseline_FASTSimData_Representative_Vehicles_lookup_tables_output/2032_electric_Honda_Odysseyc5_lookup_table.csv.gz,,,,,1,,,,,Car,0.0069372721064848,ridehail | all:0.0069372721064848; income | all:0.0069372721064848
2032_Tesla_Model_Ye5,4,0,4.5,electricity,1.0,328221111.1111111,Baseline_FASTSimData_Representative_Vehicles_lookup_tables_output/2032_electric_Tesla_Model_Ye5_lookup_table.csv.gz,,,,,1,,,,,Car,0.2923187056876113,ridehail | all:0.2923187056876113; income | all:0.2923187056876113
2032_Subaru_Outback_AWDc2,4,0,4.5,electricity,1.0,72300000.00000001,Baseline_FASTSimData_Representative_Vehicles_lookup_tables_output/2032_electric_Subaru_Outback_AWDc2_Charge_Depleting_lookup_table.csv.gz,gasoline,1000.0,Baseline_FASTSimData_Representative_Vehicles_lookup_tables_output/2032_gasoline_Subaru_Outback_AWDc2_Charge_Sustaining_lookup_table.csv.gz,40000000000.0,1,,,,,Car,0.0839743224924041,ridehail | all:0.0839743224924041; income | all:0.0839743224924041
2032_Toyota_Sienna_2WD,4,0,4.5,gasoline,1.0,40000000000.0,Baseline_FASTSimData_Representative_Vehicles_lookup_tables_output/2032_gasoline_Toyota_Sienna_2WD_lookup_table.csv.gz,,,,,1,,,,,Car,0.0111671875269038,ridehail | all:0.0111671875269038; income | all:0.0111671875269038
2032_Kia_Soulc6,4,0,4.5,hydrogen,1.0,40000000000.0,Baseline_FASTSimData_Representative_Vehicles_lookup_tables_output/2032_hydrogen_Kia_Soulc6_lookup_table.csv.gz,,,,,1,,,,,Car,0.008758141912675,ridehail | all:0.008758141912675; income | all:0.008758141912675
2032_Ram_1500_4WDc6,4,0,4.5,hydrogen,1.0,40000000000.0,Baseline_FASTSimData_Representative_Vehicles_lookup_tables_output/2032_hydrogen_Ram_1500_4WDc6_lookup_table.csv.gz,gasoline,1000.0,Baseline_FASTSimData_Representative_Vehicles_lookup_tables_output/2032_gasoline_Ram_1500_4WDc6_Charge_Sustaining_lookup_table.csv.gz,40000000000.0,1,,,,,Car,0.0005378042142391,ridehail | all:0.0005378042142391; income | all:0.0005378042142391
2032_Audi_S3c6,4,0,4.5,electricity,1.0,43200000.0,Baseline_FASTSimData_Representative_Vehicles_lookup_tables_output/2032_electric_Audi_S3c6_Charge_Depleting_lookup_table.csv.gz,gasoline,1000.0,Baseline_FASTSimData_Representative_Vehicles_lookup_tables_output/2032_gasoline_Audi_S3c6_Charge_Sustaining_lookup_table.csv.gz,40000000000.0,1,,,,,Car,0.0040483652204895,ridehail | all:0.0040483652204895; income | all:0.0040483652204895
2032_Chrysler_Town_and_Countryc4,4,0,4.5,electricity,1.0,46800000.0,Baseline_FASTSimData_Representative_Vehicles_lookup_tables_output/2032_electric_Chrysler_Town_and_Countryc4_Charge_Depleting_lookup_table.csv.gz,gasoline,1000.0,Baseline_FASTSimData_Representative_Vehicles_lookup_tables_output/2032_gasoline_Chrysler_Town_and_Countryc4_Charge_Sustaining_lookup_table.csv.gz,40000000000.0,1,,,,,Car,0.0045572819996745,ridehail | all:0.0045572819996745; income | all:0.0045572819996745
2032_Lincoln_MKZ_Hybrid_FWD,4,0,4.5,gasoline,1.0,40000000000.0,Baseline_FASTSimData_Representative_Vehicles_lookup_tables_output/2032_gasoline_Lincoln_MKZ_Hybrid_FWD_lookup_table.csv.gz,,,,,1,,,,,Car,0.0114582143030011,ridehail | all:0.0114582143030011; income | all:0.0114582143030011
2032_Infiniti_QX60_Hybrid_FWD,4,0,4.5,gasoline,1.0,40000000000.0,Baseline_FASTSimData_Representative_Vehicles_lookup_tables_output/2032_gasoline_Infiniti_QX60_Hybrid_FWD_lookup_table.csv.gz,,,,,1,,,,,Car,0.0066543558887625,ridehail | all:0.0066543558887625; income | all:0.0066543558887625
2032_Tesla_Model_3e6e3,4,0,4.5,electricity,1.0,258781111.11111113,Baseline_FASTSimData_Representative_Vehicles_lookup_tables_output/2032_electric_Tesla_Model_3e6e3_lookup_table.csv.gz,,,,,1,,,,,Car,0.2088376180754382,ridehail | all:0.2088376180754382; income | all:0.2088376180754382
2032_Chrysler_200,4,0,4.5,gasoline,1.0,40000000000.0,Baseline_FASTSimData_Representative_Vehicles_lookup_tables_output/2032_gasoline_Chrysler_200_lookup_table.csv.gz,,,,,1,,,,,Car,0.1694519192085404,ridehail | all:0.1694519192085404; income | all:0.1694519192085404
2032_GMC_Acadia_FWD,4,0,4.5,gasoline,1.0,40000000000.0,Baseline_FASTSimData_Representative_Vehicles_lookup_tables_output/2032_gasoline_GMC_Acadia_FWD_lookup_table.csv.gz,,,,,1,,,,,Car,0.1406787463851325,ridehail | all:0.1406787463851325; income | all:0.1406787463851325
2032_Chevrolet_City_Express_Cargo_Van,4,0,4.5,gasoline,1.0,40000000000.0,Baseline_FASTSimData_Representative_Vehicles_lookup_tables_output/2032_gasoline_Chevrolet_City_Express_Cargo_Van_lookup_table.csv.gz,,,,,1,,,,,Car,0.0034337831760191,ridehail | all:0.0034337831760191; income | all:0.0034337831760191
2032_Ford_F150_Pickup_4WDc3,4,0,4.5,electricity,1.0,401518888.88888884,Baseline_FASTSimData_Representative_Vehicles_lookup_tables_output/2032_electric_Ford_F150_Pickup_4WDc3_lookup_table.csv.gz,,,,,1,,,,,Car,0.0045792867996258,ridehail | all:0.0045792867996258; income | all:0.0045792867996258
2032_Honda_CR-V_4WDc5,4,0,4.5,hydrogen,1.0,40000000000.0,Baseline_FASTSimData_Representative_Vehicles_lookup_tables_output/2032_hydrogen_Honda_CR-V_4WDc5_lookup_table.csv.gz,,,,,1,,,,,Car,0.0162743756389694,ridehail | all:0.0162743756389694; income | all:0.0162743756389694
2032_Chevrolet_Silverado_C15_2WD,4,0,4.5,gasoline,1.0,40000000000.0,Baseline_FASTSimData_Representative_Vehicles_lookup_tables_output/2032_gasoline_Chevrolet_Silverado_C15_2WD_lookup_table.csv.gz,,,,,1,,,,,Car,0.0208561106896091,ridehail | all:0.0208561106896091; income | all:0.0208561106896091
2037_BMW_M235ic2,4,0,4.5,electricity,1.0,72300000.00000001,Baseline_FASTSimData_Representative_Vehicles_lookup_tables_output/2037_electric_BMW_M235ic2_Charge_Depleting_lookup_table.csv.gz,gasoline,1000.0,Baseline_FASTSimData_Representative_Vehicles_lookup_tables_output/2037_gasoline_BMW_M235ic2_Charge_Sustaining_lookup_table.csv.gz,40000000000.0,1,,,,,Car,0.0020750149753658,ridehail | all:0.0020750149753658; income | all:0.0020750149753658
2037_Honda_Odysseyc5,4,0,4.5,hydrogen,1.0,40000000000.0,Baseline_FASTSimData_Representative_Vehicles_lookup_tables_output/2037_hydrogen_Honda_Odysseyc5_lookup_table.csv.gz,,,,,1,,,,,Car,0.0018944496098733,ridehail | all:0.0018944496098733; income | all:0.0018944496098733
2037_Lincoln_MKZ_Hybrid_FWD,4,0,4.5,gasoline,1.0,40000000000.0,Baseline_FASTSimData_Representative_Vehicles_lookup_tables_output/2037_gasoline_Lincoln_MKZ_Hybrid_FWD_lookup_table.csv.gz,,,,,1,,,,,Car,0.0114171117643393,ridehail | all:0.0114171117643393; income | all:0.0114171117643393
2037_Toyota_Mirai,4,0,4.5,hydrogen,1.0,40000000000.0,Baseline_FASTSimData_Representative_Vehicles_lookup_tables_output/2037_hydrogen_Toyota_Mirai_lookup_table.csv.gz,,,,,1,,,,,Car,0.0065578242963664,ridehail | all:0.0065578242963664; income | all:0.0065578242963664
2037_Lexus_NX_300h,4,0,4.5,gasoline,1.0,40000000000.0,Baseline_FASTSimData_Representative_Vehicles_lookup_tables_output/2037_gasoline_Lexus_NX_300h_lookup_table.csv.gz,,,,,1,,,,,Car,0.0063538476155162,ridehail | all:0.0063538476155162; income | all:0.0063538476155162
2037_Toyota_Sienna_2WD,4,0,4.5,gasoline,1.0,40000000000.0,Baseline_FASTSimData_Representative_Vehicles_lookup_tables_output/2037_gasoline_Toyota_Sienna_2WD_lookup_table.csv.gz,,,,,1,,,,,Car,0.0113362408053865,ridehail | all:0.0113362408053865; income | all:0.0113362408053865
2037_Subaru_Outback_AWDc2,4,0,4.5,electricity,1.0,72300000.00000001,Baseline_FASTSimData_Representative_Vehicles_lookup_tables_output/2037_electric_Subaru_Outback_AWDc2_Charge_Depleting_lookup_table.csv.gz,gasoline,1000.0,Baseline_FASTSimData_Representative_Vehicles_lookup_tables_output/2037_gasoline_Subaru_Outback_AWDc2_Charge_Sustaining_lookup_table.csv.gz,40000000000.0,1,,,,,Car,0.0526008929684533,ridehail | all:0.0526008929684533; income | all:0.0526008929684533
2037_Honda_CR-V_4WDc5,4,0,4.5,hydrogen,1.0,40000000000.0,Baseline_FASTSimData_Representative_Vehicles_lookup_tables_output/2037_hydrogen_Honda_CR-V_4WDc5_lookup_table.csv.gz,,,,,1,,,,,Car,0.0125068554113275,ridehail | all:0.0125068554113275; income | all:0.0125068554113275
2037_Ford_F150_Pickup_4WDc3,4,0,4.5,electricity,1.0,401518888.88888884,Baseline_FASTSimData_Representative_Vehicles_lookup_tables_output/2037_electric_Ford_F150_Pickup_4WDc3_lookup_table.csv.gz,,,,,1,,,,,Car,0.0046806082744466,ridehail | all:0.0046806082744466; income | all:0.0046806082744466
2037_Chrysler_Town_and_Countryc4,4,0,4.5,electricity,1.0,46800000.0,Baseline_FASTSimData_Representative_Vehicles_lookup_tables_output/2037_electric_Chrysler_Town_and_Countryc4_Charge_Depleting_lookup_table.csv.gz,gasoline,1000.0,Baseline_FASTSimData_Representative_Vehicles_lookup_tables_output/2037_gasoline_Chrysler_Town_and_Countryc4_Charge_Sustaining_lookup_table.csv.gz,40000000000.0,1,,,,,Car,0.002880925899061,ridehail | all:0.002880925899061; income | all:0.002880925899061
2037_Ram_1500_4WDc6,4,0,4.5,hydrogen,1.0,40000000000.0,Baseline_FASTSimData_Representative_Vehicles_lookup_tables_output/2037_hydrogen_Ram_1500_4WDc6_lookup_table.csv.gz,gasoline,1000.0,Baseline_FASTSimData_Representative_Vehicles_lookup_tables_output/2037_gasoline_Ram_1500_4WDc6_Charge_Sustaining_lookup_table.csv.gz,40000000000.0,1,,,,,Car,0.0004600620752223,ridehail | all:0.0004600620752223; income | all:0.0004600620752223
2037_Ford_Fusion_FWD,4,0,4.5,gasoline,1.0,40000000000.0,Baseline_FASTSimData_Representative_Vehicles_lookup_tables_output/2037_gasoline_Ford_Fusion_FWD_lookup_table.csv.gz,,,,,1,,,,,Car,0.1707318015661271,ridehail | all:0.1707318015661271; income | all:0.1707318015661271
2037_Toyota_Prius_v,4,0,4.5,gasoline,1.0,40000000000.0,Baseline_FASTSimData_Representative_Vehicles_lookup_tables_output/2037_gasoline_Toyota_Prius_v_lookup_table.csv.gz,,,,,1,,,,,Car,0.0003542443659865,ridehail | all:0.0003542443659865; income | all:0.0003542443659865
2037_Tesla_Model_Ye5,4,0,4.5,electricity,1.0,328221111.1111111,Baseline_FASTSimData_Representative_Vehicles_lookup_tables_output/2037_electric_Tesla_Model_Ye5_lookup_table.csv.gz,,,,,1,,,,,Car,0.3045059839622301,ridehail | all:0.3045059839622301; income | all:0.3045059839622301
2037_Ford_Transit_Connect_Van_2WDc2,4,0,4.5,electricity,1.0,357636666.6666665,Baseline_FASTSimData_Representative_Vehicles_lookup_tables_output/2037_electric_Ford_Transit_Connect_Van_2WDc2_lookup_table.csv.gz,,,,,1,,,,,Car,0.0009783419739029,ridehail | all:0.0009783419739029; income | all:0.0009783419739029
2037_Toyota_Highlander_2WD,4,0,4.5,gasoline,1.0,40000000000.0,Baseline_FASTSimData_Representative_Vehicles_lookup_tables_output/2037_gasoline_Toyota_Highlander_2WD_lookup_table.csv.gz,,,,,1,,,,,Car,0.1297473486818559,ridehail | all:0.1297473486818559; income | all:0.1297473486818559
2037_Tesla_Model_3e6e3,4,0,4.5,electricity,1.0,258781111.11111113,Baseline_FASTSimData_Representative_Vehicles_lookup_tables_output/2037_electric_Tesla_Model_3e6e3_lookup_table.csv.gz,,,,,1,,,,,Car,0.2524758029130475,ridehail | all:0.2524758029130475; income | all:0.2524758029130475
2037_Ram_1500_4WDc5,4,0,4.5,gasoline,1.0,40000000000.0,Baseline_FASTSimData_Representative_Vehicles_lookup_tables_output/2037_gasoline_Ram_1500_4WDc5_lookup_table.csv.gz,,,,,1,,,,,Car,0.0175968515964806,ridehail | all:0.0175968515964806; income | all:0.0175968515964806
2037_Chevrolet_City_Express_Cargo_Van,4,0,4.5,gasoline,1.0,40000000000.0,Baseline_FASTSimData_Representative_Vehicles_lookup_tables_output/2037_gasoline_Chevrolet_City_Express_Cargo_Van_lookup_table.csv.gz,,,,,1,,,,,Car,0.0036452216194145,ridehail | all:0.0036452216194145; income | all:0.0036452216194145
2025_Toyota_Highlander_2WD,4,0,4.5,gasoline,1.0,40000000000.0,Baseline_FASTSimData_Representative_Vehicles_lookup_tables_output/2025_gasoline_Toyota_Highlander_2WD_lookup_table.csv.gz,,,,,1,,,,,Car,0.2802390978474585,ridehail | all:0.2802390978474585; income | all:0.2802390978474585
2025_Ram_1500_4WDc6,4,0,4.5,electricity,1.0,46800000.0,Baseline_FASTSimData_Representative_Vehicles_lookup_tables_output/2025_electric_Ram_1500_4WDc6_Charge_Depleting_lookup_table.csv.gz,gasoline,1000.0,Baseline_FASTSimData_Representative_Vehicles_lookup_tables_output/2025_gasoline_Ram_1500_4WDc6_Charge_Sustaining_lookup_table.csv.gz,40000000000.0,1,,,,,Car,0.0028887687519158,ridehail | all:0.0028887687519158; income | all:0.0028887687519158
2025_Audi_S3c6,4,0,4.5,electricity,1.0,43200000.0,Baseline_FASTSimData_Representative_Vehicles_lookup_tables_output/2025_electric_Audi_S3c6_Charge_Depleting_lookup_table.csv.gz,gasoline,1000.0,Baseline_FASTSimData_Representative_Vehicles_lookup_tables_output/2025_gasoline_Audi_S3c6_Charge_Sustaining_lookup_table.csv.gz,40000000000.0,1,,,,,Car,0.0061327800684294,ridehail | all:0.0061327800684294; income | all:0.0061327800684294
2025_Honda_CR-V_4WDc3,4,0,4.5,electricity,1.0,46800000.0,Baseline_FASTSimData_Representative_Vehicles_lookup_tables_output/2025_electric_Honda_CR-V_4WDc3_Charge_Depleting_lookup_table.csv.gz,gasoline,1000.0,Baseline_FASTSimData_Representative_Vehicles_lookup_tables_output/2025_gasoline_Honda_CR-V_4WDc3_Charge_Sustaining_lookup_table.csv.gz,40000000000.0,1,,,,,Car,0.1185940180815701,ridehail | all:0.1185940180815701; income | all:0.1185940180815701
2025_Chevrolet_Silverado_K15_4WD,4,0,4.5,gasoline,1.0,40000000000.0,Baseline_FASTSimData_Representative_Vehicles_lookup_tables_output/2025_gasoline_Chevrolet_Silverado_K15_4WD_lookup_table.csv.gz,,,,,1,,,,,Car,0.0506687641301635,ridehail | all:0.0506687641301635; income | all:0.0506687641301635
2025_Chrysler_Town_and_Countryc4,4,0,4.5,electricity,1.0,46800000.0,Baseline_FASTSimData_Representative_Vehicles_lookup_tables_output/2025_electric_Chrysler_Town_and_Countryc4_Charge_Depleting_lookup_table.csv.gz,gasoline,1000.0,Baseline_FASTSimData_Representative_Vehicles_lookup_tables_output/2025_gasoline_Chrysler_Town_and_Countryc4_Charge_Sustaining_lookup_table.csv.gz,40000000000.0,1,,,,,Car,0.0083665399073962,ridehail | all:0.0083665399073962; income | all:0.0083665399073962
2025_Honda_Odysseyc5,4,0,4.5,electricity,1.0,311343333.3333332,Baseline_FASTSimData_Representative_Vehicles_lookup_tables_output/2025_electric_Honda_Odysseyc5_lookup_table.csv.gz,,,,,1,,,,,Car,0.0028872265287013,ridehail | all:0.0028872265287013; income | all:0.0028872265287013
2025_Toyota_Prius_v,4,0,4.5,gasoline,1.0,40000000000.0,Baseline_FASTSimData_Representative_Vehicles_lookup_tables_output/2025_gasoline_Toyota_Prius_v_lookup_table.csv.gz,,,,,1,,,,,Car,0.0007101686953028,ridehail | all:0.0007101686953028; income | all:0.0007101686953028
2025_Toyota_Sienna_2WD,4,0,4.5,gasoline,1.0,40000000000.0,Baseline_FASTSimData_Representative_Vehicles_lookup_tables_output/2025_gasoline_Toyota_Sienna_2WD_lookup_table.csv.gz,,,,,1,,,,,Car,0.0233044880196348,ridehail | all:0.0233044880196348; income | all:0.0233044880196348
2025_Tesla_Model_3,4,0,4.5,electricity,1.0,266165999.99999997,Baseline_FASTSimData_Representative_Vehicles_lookup_tables_output/2025_electric_Tesla_Model_3_lookup_table.csv.gz,,,,,1,,,,,Car,0.0167157662378332,ridehail | all:0.0167157662378332; income | all:0.0167157662378332
2025_Buick_LaCrosse_eAssist,4,0,4.5,gasoline,1.0,40000000000.0,Baseline_FASTSimData_Representative_Vehicles_lookup_tables_output/2025_gasoline_Buick_LaCrosse_eAssist_lookup_table.csv.gz,,,,,1,,,,,Car,0.0236372985095625,ridehail | all:0.0236372985095625; income | all:0.0236372985095625
2025_Kia_Optima,4,0,4.5,gasoline,1.0,40000000000.0,Baseline_FASTSimData_Representative_Vehicles_lookup_tables_output/2025_gasoline_Kia_Optima_lookup_table.csv.gz,,,,,1,,,,,Car,0.3595776764941928,ridehail | all:0.3595776764941928; income | all:0.3595776764941928
2025_Toyota_Mirai,4,0,4.5,hydrogen,1.0,40000000000.0,Baseline_FASTSimData_Representative_Vehicles_lookup_tables_output/2025_hydrogen_Toyota_Mirai_lookup_table.csv.gz,,,,,1,,,,,Car,0.0034834544151233,ridehail | all:0.0034834544151233; income | all:0.0034834544151233
2025_Chevrolet_City_Express_Cargo_Van,4,0,4.5,gasoline,1.0,40000000000.0,Baseline_FASTSimData_Representative_Vehicles_lookup_tables_output/2025_gasoline_Chevrolet_City_Express_Cargo_Van_lookup_table.csv.gz,,,,,1,,,,,Car,0.0068863425265881,ridehail | all:0.0068863425265881; income | all:0.0068863425265881
2025_Toyota_RAV4_AWDc4,4,0,4.5,hydrogen,1.0,40000000000.0,Baseline_FASTSimData_Representative_Vehicles_lookup_tables_output/2025_hydrogen_Toyota_RAV4_AWDc4_lookup_table.csv.gz,,,,,1,,,,,Car,0.0059585540838576,ridehail | all:0.0059585540838576; income | all:0.0059585540838576
2025_Tesla_Model_Ye3,4,0,4.5,electricity,1.0,291572222.22222215,Baseline_FASTSimData_Representative_Vehicles_lookup_tables_output/2025_electric_Tesla_Model_Ye3_lookup_table.csv.gz,,,,,1,,,,,Car,0.0790010408469835,ridehail | all:0.0790010408469835; income | all:0.0790010408469835
2025_Infiniti_QX60_Hybrid_FWD,4,0,4.5,gasoline,1.0,40000000000.0,Baseline_FASTSimData_Representative_Vehicles_lookup_tables_output/2025_gasoline_Infiniti_QX60_Hybrid_FWD_lookup_table.csv.gz,,,,,1,,,,,Car,0.0075958286735767,ridehail | all:0.0075958286735767; income | all:0.0075958286735767
2020_Toyota_Highlander_2WD,4,0,4.5,gasoline,1.0,40000000000.0,Baseline_FASTSimData_Representative_Vehicles_lookup_tables_output/2020_gasoline_Toyota_Highlander_2WD_lookup_table.csv.gz,,,,,1,,,,,Car,0.3240039913031316,ridehail | all:0.3240039913031316; income | all:0.3240039913031316
2020_Tesla_Model_Y,4,0,4.5,electricity,1.0,247751999.99999997,Baseline_FASTSimData_Representative_Vehicles_lookup_tables_output/2020_electric_Tesla_Model_Y_lookup_table.csv.gz,,,,,1,,,,,Car,0.0490854006591675,ridehail | all:0.0490854006591675; income | all:0.0490854006591675
2020_Infiniti_QX60_Hybrid_FWD,4,0,4.5,gasoline,1.0,40000000000.0,Baseline_FASTSimData_Representative_Vehicles_lookup_tables_output/2020_gasoline_Infiniti_QX60_Hybrid_FWD_lookup_table.csv.gz,,,,,1,,,,,Car,0.0079463375615452,ridehail | all:0.0079463375615452; income | all:0.0079463375615452
2020_Honda_Odysseyc6,4,0,4.5,electricity,1.0,46800000.0,Baseline_FASTSimData_Representative_Vehicles_lookup_tables_output/2020_electric_Honda_Odysseyc6_Charge_Depleting_lookup_table.csv.gz,gasoline,1000.0,Baseline_FASTSimData_Representative_Vehicles_lookup_tables_output/2020_gasoline_Honda_Odysseyc6_Charge_Sustaining_lookup_table.csv.gz,40000000000.0,1,,,,,Car,0.0046833138870146,ridehail | all:0.0046833138870146; income | all:0.0046833138870146
2020_Buick_LaCrosse_eAssist,4,0,4.5,gasoline,1.0,40000000000.0,Baseline_FASTSimData_Representative_Vehicles_lookup_tables_output/2020_gasoline_Buick_LaCrosse_eAssist_lookup_table.csv.gz,,,,,1,,,,,Car,0.0259517523256005,ridehail | all:0.0259517523256005; income | all:0.0259517523256005
2020_Honda_Odysseyc5,4,0,4.5,electricity,1.0,311343333.3333332,Baseline_FASTSimData_Representative_Vehicles_lookup_tables_output/2020_electric_Honda_Odysseyc5_lookup_table.csv.gz,,,,,1,,,,,Car,0.0087495116043902,ridehail | all:0.0087495116043902; income | all:0.0087495116043902
2020_Honda_CR-V_4WDc3,4,0,4.5,electricity,1.0,46800000.0,Baseline_FASTSimData_Representative_Vehicles_lookup_tables_output/2020_electric_Honda_CR-V_4WDc3_Charge_Depleting_lookup_table.csv.gz,gasoline,1000.0,Baseline_FASTSimData_Representative_Vehicles_lookup_tables_output/2020_gasoline_Honda_CR-V_4WDc3_Charge_Sustaining_lookup_table.csv.gz,40000000000.0,1,,,,,Car,0.0239020729271383,ridehail | all:0.0239020729271383; income | all:0.0239020729271383
2020_Ram_1500_4WDc6,4,0,4.5,electricity,1.0,46800000.0,Baseline_FASTSimData_Representative_Vehicles_lookup_tables_output/2020_electric_Ram_1500_4WDc6_Charge_Depleting_lookup_table.csv.gz,gasoline,1000.0,Baseline_FASTSimData_Representative_Vehicles_lookup_tables_output/2020_gasoline_Ram_1500_4WDc6_Charge_Sustaining_lookup_table.csv.gz,40000000000.0,1,,,,,Car,0.0023100632768672,ridehail | all:0.0023100632768672; income | all:0.0023100632768672
2020_Hyundai_Tucson_Fuel_Cell,4,0,4.5,hydrogen,1.0,40000000000.0,Baseline_FASTSimData_Representative_Vehicles_lookup_tables_output/2020_hydrogen_Hyundai_Tucson_Fuel_Cell_lookup_table.csv.gz,,,,,1,,,,,Car,0.0002322504395338,ridehail | all:0.0002322504395338; income | all:0.0002322504395338
2020_Toyota_Sienna_2WD,4,0,4.5,gasoline,1.0,40000000000.0,Baseline_FASTSimData_Representative_Vehicles_lookup_tables_output/2020_gasoline_Toyota_Sienna_2WD_lookup_table.csv.gz,,,,,1,,,,,Car,0.0287158676213715,ridehail | all:0.0287158676213715; income | all:0.0287158676213715
2020_Audi_S3c6,4,0,4.5,electricity,1.0,43200000.0,Baseline_FASTSimData_Representative_Vehicles_lookup_tables_output/2020_electric_Audi_S3c6_Charge_Depleting_lookup_table.csv.gz,gasoline,1000.0,Baseline_FASTSimData_Representative_Vehicles_lookup_tables_output/2020_gasoline_Audi_S3c6_Charge_Sustaining_lookup_table.csv.gz,40000000000.0,1,,,,,Car,0.0027416730664997,ridehail | all:0.0027416730664997; income | all:0.0027416730664997
2020_Chevrolet_Silverado_C15_2WD,4,0,4.5,gasoline,1.0,40000000000.0,Baseline_FASTSimData_Representative_Vehicles_lookup_tables_output/2020_gasoline_Chevrolet_Silverado_C15_2WD_lookup_table.csv.gz,,,,,1,,,,,Car,0.0682305940785017,ridehail | all:0.0682305940785017; income | all:0.0682305940785017
2020_Nissan_Altima,4,0,4.5,gasoline,1.0,40000000000.0,Baseline_FASTSimData_Representative_Vehicles_lookup_tables_output/2020_gasoline_Nissan_Altima_lookup_table.csv.gz,,,,,1,,,,,Car,0.3868289664597457,ridehail | all:0.3868289664597457; income | all:0.3868289664597457
2020_Honda_Clarity_FCV,4,0,4.5,hydrogen,1.0,40000000000.0,Baseline_FASTSimData_Representative_Vehicles_lookup_tables_output/2020_hydrogen_Honda_Clarity_FCV_lookup_table.csv.gz,,,,,1,,,,,Car,0.0007093847219264,ridehail | all:0.0007093847219264; income | all:0.0007093847219264
2020_Toyota_Prius_v,4,0,4.5,gasoline,1.0,40000000000.0,Baseline_FASTSimData_Representative_Vehicles_lookup_tables_output/2020_gasoline_Toyota_Prius_v_lookup_table.csv.gz,,,,,1,,,,,Car,0.0007913427126879,ridehail | all:0.0007913427126879; income | all:0.0007913427126879
2020_Tesla_Model_S_(60_kW-hr_battery_pack),4,0,4.5,electricity,1.0,234359999.99999997,Baseline_FASTSimData_Representative_Vehicles_lookup_tables_output/2020_electric_Tesla_Model_S_(60_kW-hr_battery_pack)_lookup_table.csv.gz,,,,,1,,,,,Car,0.0556401046514009,ridehail | all:0.0556401046514009; income | all:0.0556401046514009
2020_Chevrolet_City_Express_Cargo_Van,4,0,4.5,gasoline,1.0,40000000000.0,Baseline_FASTSimData_Representative_Vehicles_lookup_tables_output/2020_gasoline_Chevrolet_City_Express_Cargo_Van_lookup_table.csv.gz,,,,,1,,,,,Car,0.0084313498846544,ridehail | all:0.0084313498846544; income | all:0.0084313498846544
2018_Toyota_Mirai,4,0,4.5,hydrogen,1.0,40000000000.0,Baseline_FASTSimData_Representative_Vehicles_lookup_tables_output/2018_hydrogen_Toyota_Mirai_lookup_table.csv.gz,,,,,1,,,,,Car,0.0012090842429658,ridehail | all:0.0012090842429658; income | all:0.0012090842429658
2018_Toyota_Sienna_2WD,4,0,4.5,gasoline,1.0,40000000000.0,Baseline_FASTSimData_Representative_Vehicles_lookup_tables_output/2018_gasoline_Toyota_Sienna_2WD_lookup_table.csv.gz,,,,,1,,,,,Car,0.0314849906421778,ridehail | all:0.0314849906421778; income | all:0.0314849906421778
2018_Toyota_Highlander_2WD,4,0,4.5,gasoline,1.0,40000000000.0,Baseline_FASTSimData_Representative_Vehicles_lookup_tables_output/2018_gasoline_Toyota_Highlander_2WD_lookup_table.csv.gz,,,,,1,,,,,Car,0.3283272685039992,ridehail | all:0.3283272685039992; income | all:0.3283272685039992
2018_Tesla_Model_S_(60_kW-hr_battery_pack),4,0,4.5,electricity,1.0,234359999.99999997,Baseline_FASTSimData_Representative_Vehicles_lookup_tables_output/2018_electric_Tesla_Model_S_(60_kW-hr_battery_pack)_lookup_table.csv.gz,,,,,1,,,,,Car,0.0869294696366176,ridehail | all:0.0869294696366176; income | all:0.0869294696366176
2018_Toyota_RAV4_AWDc4,4,0,4.5,electricity,1.0,46800000.0,Baseline_FASTSimData_Representative_Vehicles_lookup_tables_output/2018_electric_Toyota_RAV4_AWDc4_Charge_Depleting_lookup_table.csv.gz,gasoline,1000.0,Baseline_FASTSimData_Representative_Vehicles_lookup_tables_output/2018_gasoline_Toyota_RAV4_AWDc4_Charge_Sustaining_lookup_table.csv.gz,40000000000.0,1,,,,,Car,0.0306653983454928,ridehail | all:0.0306653983454928; income | all:0.0306653983454928
2018_Infiniti_QX60_Hybrid_FWD,4,0,4.5,gasoline,1.0,40000000000.0,Baseline_FASTSimData_Representative_Vehicles_lookup_tables_output/2018_gasoline_Infiniti_QX60_Hybrid_FWD_lookup_table.csv.gz,,,,,1,,,,,Car,0.0080851073854153,ridehail | all:0.0080851073854153; income | all:0.0080851073854153
2018_Ford_Fusion_AWD,4,0,4.5,gasoline,1.0,40000000000.0,Baseline_FASTSimData_Representative_Vehicles_lookup_tables_output/2018_gasoline_Ford_Fusion_AWD_lookup_table.csv.gz,,,,,1,,,,,Car,0.3867681195046281,ridehail | all:0.3867681195046281; income | all:0.3867681195046281
2018_Toyota_Prius_v,4,0,4.5,gasoline,1.0,40000000000.0,Baseline_FASTSimData_Representative_Vehicles_lookup_tables_output/2018_gasoline_Toyota_Prius_v_lookup_table.csv.gz,,,,,1,,,,,Car,0.0008742877200614,ridehail | all:0.0008742877200614; income | all:0.0008742877200614
2018_Chevrolet_Silverado_C15_2WD,4,0,4.5,gasoline,1.0,40000000000.0,Baseline_FASTSimData_Representative_Vehicles_lookup_tables_output/2018_gasoline_Chevrolet_Silverado_C15_2WD_lookup_table.csv.gz,,,,,1,,,,,Car,0.0722408954944916,ridehail | all:0.0722408954944916; income | all:0.0722408954944916
2018_Hyundai_Tucson_Fuel_Cell,4,0,4.5,hydrogen,1.0,40000000000.0,Baseline_FASTSimData_Representative_Vehicles_lookup_tables_output/2018_hydrogen_Hyundai_Tucson_Fuel_Cell_lookup_table.csv.gz,,,,,1,,,,,Car,0.0006144850537334,ridehail | all:0.0006144850537334; income | all:0.0006144850537334
2018_Chevrolet_Volt,4,0,4.5,electricity,1.0,46170000.00000001,Baseline_FASTSimData_Representative_Vehicles_lookup_tables_output/2018_electric_Chevrolet_Volt_Charge_Depleting_lookup_table.csv.gz,gasoline,1000.0,Baseline_FASTSimData_Representative_Vehicles_lookup_tables_output/2018_gasoline_Chevrolet_Volt_Charge_Sustaining_lookup_table.csv.gz,40000000000.0,1,,,,,Car,0.0042224127364797,ridehail | all:0.0042224127364797; income | all:0.0042224127364797
2018_Chevrolet_City_Express_Cargo_Van,4,0,4.5,gasoline,1.0,40000000000.0,Baseline_FASTSimData_Representative_Vehicles_lookup_tables_output/2018_gasoline_Chevrolet_City_Express_Cargo_Van_lookup_table.csv.gz,,,,,1,,,,,Car,0.0092686269885751,ridehail | all:0.0092686269885751; income | all:0.0092686269885751
2018_Tesla_Model_X_AWD_90D,4,0,4.5,electricity,1.0,301319999.99999994,Baseline_FASTSimData_Representative_Vehicles_lookup_tables_output/2018_electric_Tesla_Model_X_AWD_90D_lookup_table.csv.gz,,,,,1,,,,,Car,0.0059530246054173,ridehail | all:0.0059530246054173; income | all:0.0059530246054173
2018_Honda_Odysseyc6,4,0,4.5,electricity,1.0,46800000.0,Baseline_FASTSimData_Representative_Vehicles_lookup_tables_output/2018_electric_Honda_Odysseyc6_Charge_Depleting_lookup_table.csv.gz,gasoline,1000.0,Baseline_FASTSimData_Representative_Vehicles_lookup_tables_output/2018_gasoline_Honda_Odysseyc6_Charge_Sustaining_lookup_table.csv.gz,40000000000.0,1,,,,,Car,0.0064940860044363,ridehail | all:0.0064940860044363; income | all:0.0064940860044363
2018_Buick_Regal_eAssist,4,0,4.5,gasoline,1.0,40000000000.0,Baseline_FASTSimData_Representative_Vehicles_lookup_tables_output/2018_gasoline_Buick_Regal_eAssist_lookup_table.csv.gz,,,,,1,,,,,Car,0.0262180643876887,ridehail | all:0.0262180643876887; income | all:0.0262180643876887
2017_Tesla_Model_S_(60_kW-hr_battery_pack),4,0,4.5,electricity,1.0,234359999.99999997,Baseline_FASTSimData_Representative_Vehicles_lookup_tables_output/2017_electric_Tesla_Model_S_(60_kW-hr_battery_pack)_lookup_table.csv.gz,,,,,1,,,,,Car,0.0405900408815929,ridehail | all:0.0405900408815929; income | all:0.0405900408815929
2017_Ford_Fusion_AWD,4,0,4.5,gasoline,1.0,40000000000.0,Baseline_FASTSimData_Representative_Vehicles_lookup_tables_output/2017_gasoline_Ford_Fusion_AWD_lookup_table.csv.gz,,,,,1,,,,,Car,0.4135233875243633,ridehail | all:0.4135233875243633; income | all:0.4135233875243633
2017_Toyota_RAV4_AWDc4,4,0,4.5,electricity,1.0,46800000.0,Baseline_FASTSimData_Representative_Vehicles_lookup_tables_output/2017_electric_Toyota_RAV4_AWDc4_Charge_Depleting_lookup_table.csv.gz,gasoline,1000.0,Baseline_FASTSimData_Representative_Vehicles_lookup_tables_output/2017_gasoline_Toyota_RAV4_AWDc4_Charge_Sustaining_lookup_table.csv.gz,40000000000.0,1,,,,,Car,0.0248609841005372,ridehail | all:0.0248609841005372; income | all:0.0248609841005372
2017_Toyota_Prius_v,4,0,4.5,gasoline,1.0,40000000000.0,Baseline_FASTSimData_Representative_Vehicles_lookup_tables_output/2017_gasoline_Toyota_Prius_v_lookup_table.csv.gz,,,,,1,,,,,Car,0.000971827088851,ridehail | all:0.000971827088851; income | all:0.000971827088851
2017_Toyota_Sienna_2WD,4,0,4.5,gasoline,1.0,40000000000.0,Baseline_FASTSimData_Representative_Vehicles_lookup_tables_output/2017_gasoline_Toyota_Sienna_2WD_lookup_table.csv.gz,,,,,1,,,,,Car,0.0303655363352802,ridehail | all:0.0303655363352802; income | all:0.0303655363352802
2017_Tesla_Model_X_AWD_90D,4,0,4.5,electricity,1.0,301319999.99999994,Baseline_FASTSimData_Representative_Vehicles_lookup_tables_output/2017_electric_Tesla_Model_X_AWD_90D_lookup_table.csv.gz,,,,,1,,,,,Car,0.0026864897995051,ridehail | all:0.0026864897995051; income | all:0.0026864897995051
2017_Toyota_Mirai,4,0,4.5,hydrogen,1.0,40000000000.0,Baseline_FASTSimData_Representative_Vehicles_lookup_tables_output/2017_hydrogen_Toyota_Mirai_lookup_table.csv.gz,,,,,1,,,,,Car,0.000887514855003,ridehail | all:0.000887514855003; income | all:0.000887514855003
2017_Chevrolet_Volt,4,0,4.5,electricity,1.0,46170000.00000001,Baseline_FASTSimData_Representative_Vehicles_lookup_tables_output/2017_electric_Chevrolet_Volt_Charge_Depleting_lookup_table.csv.gz,gasoline,1000.0,Baseline_FASTSimData_Representative_Vehicles_lookup_tables_output/2017_gasoline_Chevrolet_Volt_Charge_Sustaining_lookup_table.csv.gz,40000000000.0,1,,,,,Car,0.006983044843322,ridehail | all:0.006983044843322; income | all:0.006983044843322
2017_Hyundai_Tucson_Fuel_Cell,4,0,4.5,hydrogen,1.0,40000000000.0,Baseline_FASTSimData_Representative_Vehicles_lookup_tables_output/2017_hydrogen_Hyundai_Tucson_Fuel_Cell_lookup_table.csv.gz,,,,,1,,,,,Car,0.0004450367103829,ridehail | all:0.0004450367103829; income | all:0.0004450367103829
2017_Buick_Regal_eAssist,4,0,4.5,gasoline,1.0,40000000000.0,Baseline_FASTSimData_Representative_Vehicles_lookup_tables_output/2017_gasoline_Buick_Regal_eAssist_lookup_table.csv.gz,,,,,1,,,,,Car,0.0293679640134755,ridehail | all:0.0293679640134755; income | all:0.0293679640134755
2017_Toyota_Highlander_2WD,4,0,4.5,gasoline,1.0,40000000000.0,Baseline_FASTSimData_Representative_Vehicles_lookup_tables_output/2017_gasoline_Toyota_Highlander_2WD_lookup_table.csv.gz,,,,,1,,,,,Car,0.3516539654358222,ridehail | all:0.3516539654358222; income | all:0.3516539654358222
2017_Infiniti_QX60_Hybrid_FWD,4,0,4.5,gasoline,1.0,40000000000.0,Baseline_FASTSimData_Representative_Vehicles_lookup_tables_output/2017_gasoline_Infiniti_QX60_Hybrid_FWD_lookup_table.csv.gz,,,,,1,,,,,Car,0.0090911733920084,ridehail | all:0.0090911733920084; income | all:0.0090911733920084
2017_Chevrolet_City_Express_Cargo_Van,4,0,4.5,gasoline,1.0,40000000000.0,Baseline_FASTSimData_Representative_Vehicles_lookup_tables_output/2017_gasoline_Chevrolet_City_Express_Cargo_Van_lookup_table.csv.gz,,,,,1,,,,,Car,0.0104205168439498,ridehail | all:0.0104205168439498; income | all:0.0104205168439498
2017_Chevrolet_Silverado_C15_2WD,4,0,4.5,gasoline,1.0,40000000000.0,Baseline_FASTSimData_Representative_Vehicles_lookup_tables_output/2017_gasoline_Chevrolet_Silverado_C15_2WD_lookup_table.csv.gz,,,,,1,,,,,Car,0.0774384166608306,ridehail | all:0.0774384166608306; income | all:0.0774384166608306
2033_Chrysler_Town_and_Countryc4,4,0,4.5,electricity,1.0,46800000.0,Baseline_FASTSimData_Representative_Vehicles_lookup_tables_output/2033_electric_Chrysler_Town_and_Countryc4_Charge_Depleting_lookup_table.csv.gz,gasoline,1000.0,Baseline_FASTSimData_Representative_Vehicles_lookup_tables_output/2033_gasoline_Chrysler_Town_and_Countryc4_Charge_Sustaining_lookup_table.csv.gz,40000000000.0,1,,,,,Car,0.0035020573606191,ridehail | all:0.0035020573606191; income | all:0.0035020573606191
2033_Tesla_Model_Ye5,4,0,4.5,electricity,1.0,328221111.1111111,Baseline_FASTSimData_Representative_Vehicles_lookup_tables_output/2033_electric_Tesla_Model_Ye5_lookup_table.csv.gz,,,,,1,,,,,Car,0.2571063053967991,ridehail | all:0.2571063053967991; income | all:0.2571063053967991
2033_Ford_Fusion_FWD,4,0,4.5,gasoline,1.0,40000000000.0,Baseline_FASTSimData_Representative_Vehicles_lookup_tables_output/2033_gasoline_Ford_Fusion_FWD_lookup_table.csv.gz,,,,,1,,,,,Car,0.2147066233330382,ridehail | all:0.2147066233330382; income | all:0.2147066233330382
2033_Honda_Odysseyc5,4,0,4.5,electricity,1.0,311343333.3333332,Baseline_FASTSimData_Representative_Vehicles_lookup_tables_output/2033_electric_Honda_Odysseyc5_lookup_table.csv.gz,,,,,1,,,,,Car,0.0055142133440481,ridehail | all:0.0055142133440481; income | all:0.0055142133440481
2033_Chevrolet_Silverado_C15_2WD,4,0,4.5,gasoline,1.0,40000000000.0,Baseline_FASTSimData_Representative_Vehicles_lookup_tables_output/2033_gasoline_Chevrolet_Silverado_C15_2WD_lookup_table.csv.gz,,,,,1,,,,,Car,0.0249894808020189,ridehail | all:0.0249894808020189; income | all:0.0249894808020189
2033_Lexus_NX_300h,4,0,4.5,gasoline,1.0,40000000000.0,Baseline_FASTSimData_Representative_Vehicles_lookup_tables_output/2033_gasoline_Lexus_NX_300h_lookup_table.csv.gz,,,,,1,,,,,Car,0.0080740020140157,ridehail | all:0.0080740020140157; income | all:0.0080740020140157
2033_Ford_F150_Pickup_4WDc3,4,0,4.5,electricity,1.0,401518888.88888884,Baseline_FASTSimData_Representative_Vehicles_lookup_tables_output/2033_electric_Ford_F150_Pickup_4WDc3_lookup_table.csv.gz,,,,,1,,,,,Car,0.0043245053701812,ridehail | all:0.0043245053701812; income | all:0.0043245053701812
2033_Ram_1500_4WDc6,4,0,4.5,hydrogen,1.0,40000000000.0,Baseline_FASTSimData_Representative_Vehicles_lookup_tables_output/2033_hydrogen_Ram_1500_4WDc6_lookup_table.csv.gz,gasoline,1000.0,Baseline_FASTSimData_Representative_Vehicles_lookup_tables_output/2033_gasoline_Ram_1500_4WDc6_Charge_Sustaining_lookup_table.csv.gz,40000000000.0,1,,,,,Car,0.0004685924424416,ridehail | all:0.0004685924424416; income | all:0.0004685924424416
2033_Tesla_Model_3e6e3,4,0,4.5,electricity,1.0,258781111.11111113,Baseline_FASTSimData_Representative_Vehicles_lookup_tables_output/2033_electric_Tesla_Model_3e6e3_lookup_table.csv.gz,,,,,1,,,,,Car,0.188530606927029,ridehail | all:0.188530606927029; income | all:0.188530606927029
2033_Toyota_Mirai,4,0,4.5,hydrogen,1.0,40000000000.0,Baseline_FASTSimData_Representative_Vehicles_lookup_tables_output/2033_hydrogen_Toyota_Mirai_lookup_table.csv.gz,,,,,1,,,,,Car,0.0070510884584011,ridehail | all:0.0070510884584011; income | all:0.0070510884584011
2033_Subaru_Outback_AWDc2,4,0,4.5,electricity,1.0,72300000.00000001,Baseline_FASTSimData_Representative_Vehicles_lookup_tables_output/2033_electric_Subaru_Outback_AWDc2_Charge_Depleting_lookup_table.csv.gz,gasoline,1000.0,Baseline_FASTSimData_Representative_Vehicles_lookup_tables_output/2033_gasoline_Subaru_Outback_AWDc2_Charge_Sustaining_lookup_table.csv.gz,40000000000.0,1,,,,,Car,0.0641295700461165,ridehail | all:0.0641295700461165; income | all:0.0641295700461165
2033_Buick_LaCrosse_eAssist,4,0,4.5,gasoline,1.0,40000000000.0,Baseline_FASTSimData_Representative_Vehicles_lookup_tables_output/2033_gasoline_Buick_LaCrosse_eAssist_lookup_table.csv.gz,,,,,1,,,,,Car,0.0142764508491635,ridehail | all:0.0142764508491635; income | all:0.0142764508491635
2033_Chevrolet_City_Express_Cargo_Van,4,0,4.5,gasoline,1.0,40000000000.0,Baseline_FASTSimData_Representative_Vehicles_lookup_tables_output/2033_gasoline_Chevrolet_City_Express_Cargo_Van_lookup_table.csv.gz,,,,,1,,,,,Car,0.0044417416328822,ridehail | all:0.0044417416328822; income | all:0.0044417416328822
2033_BMW_i3_REX,4,0,4.5,electricity,1.0,59400000.0,Baseline_FASTSimData_Representative_Vehicles_lookup_tables_output/2033_electric_BMW_i3_REX_Charge_Depleting_lookup_table.csv.gz,gasoline,1000.0,Baseline_FASTSimData_Representative_Vehicles_lookup_tables_output/2033_gasoline_BMW_i3_REX_Charge_Sustaining_lookup_table.csv.gz,40000000000.0,1,,,,,Car,0.0031956643130168,ridehail | all:0.0031956643130168; income | all:0.0031956643130168
2033_Toyota_Prius_v,4,0,4.5,gasoline,1.0,40000000000.0,Baseline_FASTSimData_Representative_Vehicles_lookup_tables_output/2033_gasoline_Toyota_Prius_v_lookup_table.csv.gz,,,,,1,,,,,Car,0.0004396513651881,ridehail | all:0.0004396513651881; income | all:0.0004396513651881
2033_Honda_CR-V_4WDc5,4,0,4.5,hydrogen,1.0,40000000000.0,Baseline_FASTSimData_Representative_Vehicles_lookup_tables_output/2033_hydrogen_Honda_CR-V_4WDc5_lookup_table.csv.gz,,,,,1,,,,,Car,0.0134114476298102,ridehail | all:0.0134114476298102; income | all:0.0134114476298102
2033_Toyota_Highlander_2WD,4,0,4.5,gasoline,1.0,40000000000.0,Baseline_FASTSimData_Representative_Vehicles_lookup_tables_output/2033_gasoline_Toyota_Highlander_2WD_lookup_table.csv.gz,,,,,1,,,,,Car,0.1673900686402036,ridehail | all:0.1673900686402036; income | all:0.1673900686402036
2033_Toyota_Sienna_2WD,4,0,4.5,gasoline,1.0,40000000000.0,Baseline_FASTSimData_Representative_Vehicles_lookup_tables_output/2033_gasoline_Toyota_Sienna_2WD_lookup_table.csv.gz,,,,,1,,,,,Car,0.0138408279829217,ridehail | all:0.0138408279829217; income | all:0.0138408279829217
2036_Toyota_Prius_v,4,0,4.5,gasoline,1.0,40000000000.0,Baseline_FASTSimData_Representative_Vehicles_lookup_tables_output/2036_gasoline_Toyota_Prius_v_lookup_table.csv.gz,,,,,1,,,,,Car,0.0003723011806814,ridehail | all:0.0003723011806814; income | all:0.0003723011806814
2036_Honda_CR-V_4WDc5,4,0,4.5,hydrogen,1.0,40000000000.0,Baseline_FASTSimData_Representative_Vehicles_lookup_tables_output/2036_hydrogen_Honda_CR-V_4WDc5_lookup_table.csv.gz,,,,,1,,,,,Car,0.012841459558111,ridehail | all:0.012841459558111; income | all:0.012841459558111
2036_Honda_Odysseyc5,4,0,4.5,hydrogen,1.0,40000000000.0,Baseline_FASTSimData_Representative_Vehicles_lookup_tables_output/2036_hydrogen_Honda_Odysseyc5_lookup_table.csv.gz,,,,,1,,,,,Car,0.0019456450267166,ridehail | all:0.0019456450267166; income | all:0.0019456450267166
2036_Ram_1500_4WDc5,4,0,4.5,gasoline,1.0,40000000000.0,Baseline_FASTSimData_Representative_Vehicles_lookup_tables_output/2036_gasoline_Ram_1500_4WDc5_lookup_table.csv.gz,,,,,1,,,,,Car,0.019469321700225,ridehail | all:0.019469321700225; income | all:0.019469321700225
2036_Lexus_NX_300h,4,0,4.5,gasoline,1.0,40000000000.0,Baseline_FASTSimData_Representative_Vehicles_lookup_tables_output/2036_gasoline_Lexus_NX_300h_lookup_table.csv.gz,,,,,1,,,,,Car,0.0066589357757724,ridehail | all:0.0066589357757724; income | all:0.0066589357757724
2036_BMW_M235ic2,4,0,4.5,electricity,1.0,72300000.00000001,Baseline_FASTSimData_Representative_Vehicles_lookup_tables_output/2036_electric_BMW_M235ic2_Charge_Depleting_lookup_table.csv.gz,gasoline,1000.0,Baseline_FASTSimData_Representative_Vehicles_lookup_tables_output/2036_gasoline_BMW_M235ic2_Charge_Sustaining_lookup_table.csv.gz,40000000000.0,1,,,,,Car,0.0022117533962055,ridehail | all:0.0022117533962055; income | all:0.0022117533962055
2036_Subaru_Outback_AWDc2,4,0,4.5,electricity,1.0,72300000.00000001,Baseline_FASTSimData_Representative_Vehicles_lookup_tables_output/2036_electric_Subaru_Outback_AWDc2_Charge_Depleting_lookup_table.csv.gz,gasoline,1000.0,Baseline_FASTSimData_Representative_Vehicles_lookup_tables_output/2036_gasoline_Subaru_Outback_AWDc2_Charge_Sustaining_lookup_table.csv.gz,40000000000.0,1,,,,,Car,0.0550302979143731,ridehail | all:0.0550302979143731; income | all:0.0550302979143731
2036_Tesla_Model_3e6e3,4,0,4.5,electricity,1.0,258781111.11111113,Baseline_FASTSimData_Representative_Vehicles_lookup_tables_output/2036_electric_Tesla_Model_3e6e3_lookup_table.csv.gz,,,,,1,,,,,Car,0.2386682109649126,ridehail | all:0.2386682109649126; income | all:0.2386682109649126
2036_Chrysler_Town_and_Countryc4,4,0,4.5,electricity,1.0,46800000.0,Baseline_FASTSimData_Representative_Vehicles_lookup_tables_output/2036_electric_Chrysler_Town_and_Countryc4_Charge_Depleting_lookup_table.csv.gz,gasoline,1000.0,Baseline_FASTSimData_Representative_Vehicles_lookup_tables_output/2036_gasoline_Chrysler_Town_and_Countryc4_Charge_Sustaining_lookup_table.csv.gz,40000000000.0,1,,,,,Car,0.0030125451426286,ridehail | all:0.0030125451426286; income | all:0.0030125451426286
2036_Ram_1500_4WDc6,4,0,4.5,electricity,1.0,46800000.0,Baseline_FASTSimData_Representative_Vehicles_lookup_tables_output/2036_electric_Ram_1500_4WDc6_Charge_Depleting_lookup_table.csv.gz,gasoline,1000.0,Baseline_FASTSimData_Representative_Vehicles_lookup_tables_output/2036_gasoline_Ram_1500_4WDc6_Charge_Sustaining_lookup_table.csv.gz,40000000000.0,1,,,,,Car,0.0010045451308298,ridehail | all:0.0010045451308298; income | all:0.0010045451308298
2036_Chevrolet_City_Express_Cargo_Van,4,0,4.5,gasoline,1.0,40000000000.0,Baseline_FASTSimData_Representative_Vehicles_lookup_tables_output/2036_gasoline_Chevrolet_City_Express_Cargo_Van_lookup_table.csv.gz,,,,,1,,,,,Car,0.0038280382538853,ridehail | all:0.0038280382538853; income | all:0.0038280382538853
2036_Tesla_Model_Ye5,4,0,4.5,electricity,1.0,328221111.1111111,Baseline_FASTSimData_Representative_Vehicles_lookup_tables_output/2036_electric_Tesla_Model_Ye5_lookup_table.csv.gz,,,,,1,,,,,Car,0.2943249015815199,ridehail | all:0.2943249015815199; income | all:0.2943249015815199
2036_Lincoln_MKZ_Hybrid_FWD,4,0,4.5,gasoline,1.0,40000000000.0,Baseline_FASTSimData_Representative_Vehicles_lookup_tables_output/2036_gasoline_Lincoln_MKZ_Hybrid_FWD_lookup_table.csv.gz,,,,,1,,,,,Car,0.0119821752421454,ridehail | all:0.0119821752421454; income | all:0.0119821752421454
2036_Toyota_Mirai,4,0,4.5,hydrogen,1.0,40000000000.0,Baseline_FASTSimData_Representative_Vehicles_lookup_tables_output/2036_hydrogen_Toyota_Mirai_lookup_table.csv.gz,,,,,1,,,,,Car,0.0067908070920643,ridehail | all:0.0067908070920643; income | all:0.0067908070920643
2036_Ford_Fusion_FWD,4,0,4.5,gasoline,1.0,40000000000.0,Baseline_FASTSimData_Representative_Vehicles_lookup_tables_output/2036_gasoline_Ford_Fusion_FWD_lookup_table.csv.gz,,,,,1,,,,,Car,0.1810194339666686,ridehail | all:0.1810194339666686; income | all:0.1810194339666686
2036_Toyota_Sienna_2WD,4,0,4.5,gasoline,1.0,40000000000.0,Baseline_FASTSimData_Representative_Vehicles_lookup_tables_output/2036_gasoline_Toyota_Sienna_2WD_lookup_table.csv.gz,,,,,1,,,,,Car,0.0119016707775743,ridehail | all:0.0119016707775743; income | all:0.0119016707775743
2036_Ford_F150_Pickup_4WDc3,4,0,4.5,electricity,1.0,401518888.88888884,Baseline_FASTSimData_Representative_Vehicles_lookup_tables_output/2036_electric_Ford_F150_Pickup_4WDc3_lookup_table.csv.gz,,,,,1,,,,,Car,0.0043800213350959,ridehail | all:0.0043800213350959; income | all:0.0043800213350959
2036_Toyota_Highlander_2WD,4,0,4.5,gasoline,1.0,40000000000.0,Baseline_FASTSimData_Representative_Vehicles_lookup_tables_output/2036_gasoline_Toyota_Highlander_2WD_lookup_table.csv.gz,,,,,1,,,,,Car,0.1375925642427409,ridehail | all:0.1375925642427409; income | all:0.1375925642427409
2040_Honda_CR-V_4WDc5,4,0,4.5,hydrogen,1.0,40000000000.0,Baseline_FASTSimData_Representative_Vehicles_lookup_tables_output/2040_hydrogen_Honda_CR-V_4WDc5_lookup_table.csv.gz,,,,,1,,,,,Car,0.0115584742035531,ridehail | all:0.0115584742035531; income | all:0.0115584742035531
2040_Toyota_Highlander_2WD,4,0,4.5,gasoline,1.0,40000000000.0,Baseline_FASTSimData_Representative_Vehicles_lookup_tables_output/2040_gasoline_Toyota_Highlander_2WD_lookup_table.csv.gz,,,,,1,,,,,Car,0.1061904022066732,ridehail | all:0.1061904022066732; income | all:0.1061904022066732
2040_Ford_F150_Pickup_4WDc3,4,0,4.5,electricity,1.0,401518888.88888884,Baseline_FASTSimData_Representative_Vehicles_lookup_tables_output/2040_electric_Ford_F150_Pickup_4WDc3_lookup_table.csv.gz,,,,,1,,,,,Car,0.0043193985943203,ridehail | all:0.0043193985943203; income | all:0.0043193985943203
2040_Ford_Fusion_FWD,4,0,4.5,gasoline,1.0,40000000000.0,Baseline_FASTSimData_Representative_Vehicles_lookup_tables_output/2040_gasoline_Ford_Fusion_FWD_lookup_table.csv.gz,,,,,1,,,,,Car,0.1448682581870863,ridehail | all:0.1448682581870863; income | all:0.1448682581870863
2040_Honda_Odysseyc5,4,0,4.5,electricity,1.0,311343333.3333332,Baseline_FASTSimData_Representative_Vehicles_lookup_tables_output/2040_electric_Honda_Odysseyc5_lookup_table.csv.gz,,,,,1,,,,,Car,0.0044009668902254,ridehail | all:0.0044009668902254; income | all:0.0044009668902254
2040_Infiniti_QX60_Hybrid_FWD,4,0,4.5,gasoline,1.0,40000000000.0,Baseline_FASTSimData_Representative_Vehicles_lookup_tables_output/2040_gasoline_Infiniti_QX60_Hybrid_FWD_lookup_table.csv.gz,,,,,1,,,,,Car,0.0049044667869748,ridehail | all:0.0049044667869748; income | all:0.0049044667869748
2040_Tesla_Model_Ye5,4,0,4.5,electricity,1.0,328221111.1111111,Baseline_FASTSimData_Representative_Vehicles_lookup_tables_output/2040_electric_Tesla_Model_Ye5_lookup_table.csv.gz,,,,,1,,,,,Car,0.3318057357123567,ridehail | all:0.3318057357123567; income | all:0.3318057357123567
2040_Chevrolet_City_Express_Cargo_Van,4,0,4.5,gasoline,1.0,40000000000.0,Baseline_FASTSimData_Representative_Vehicles_lookup_tables_output/2040_gasoline_Chevrolet_City_Express_Cargo_Van_lookup_table.csv.gz,,,,,1,,,,,Car,0.0026091102556553,ridehail | all:0.0026091102556553; income | all:0.0026091102556553
2040_Ram_1500_4WDc6,4,0,4.5,hydrogen,1.0,40000000000.0,Baseline_FASTSimData_Representative_Vehicles_lookup_tables_output/2040_hydrogen_Ram_1500_4WDc6_lookup_table.csv.gz,gasoline,1000.0,Baseline_FASTSimData_Representative_Vehicles_lookup_tables_output/2040_gasoline_Ram_1500_4WDc6_Charge_Sustaining_lookup_table.csv.gz,40000000000.0,1,,,,,Car,0.0004584753991589,ridehail | all:0.0004584753991589; income | all:0.0004584753991589
2040_Lincoln_MKZ_Hybrid_FWD,4,0,4.5,gasoline,1.0,40000000000.0,Baseline_FASTSimData_Representative_Vehicles_lookup_tables_output/2040_gasoline_Lincoln_MKZ_Hybrid_FWD_lookup_table.csv.gz,,,,,1,,,,,Car,0.0097086815615664,ridehail | all:0.0097086815615664; income | all:0.0097086815615664
2040_Ford_Transit_Connect_Van_2WDc2,4,0,4.5,electricity,1.0,357636666.6666665,Baseline_FASTSimData_Representative_Vehicles_lookup_tables_output/2040_electric_Ford_Transit_Connect_Van_2WDc2_lookup_table.csv.gz,,,,,1,,,,,Car,0.0008939771894572,ridehail | all:0.0008939771894572; income | all:0.0008939771894572
2040_Chrysler_Town_and_Countryc4,4,0,4.5,electricity,1.0,46800000.0,Baseline_FASTSimData_Representative_Vehicles_lookup_tables_output/2040_electric_Chrysler_Town_and_Countryc4_Charge_Depleting_lookup_table.csv.gz,gasoline,1000.0,Baseline_FASTSimData_Representative_Vehicles_lookup_tables_output/2040_gasoline_Chrysler_Town_and_Countryc4_Charge_Sustaining_lookup_table.csv.gz,40000000000.0,1,,,,,Car,0.0025440658973221,ridehail | all:0.0025440658973221; income | all:0.0025440658973221
2040_Kia_Soulc6,4,0,4.5,hydrogen,1.0,40000000000.0,Baseline_FASTSimData_Representative_Vehicles_lookup_tables_output/2040_hydrogen_Kia_Soulc6_lookup_table.csv.gz,,,,,1,,,,,Car,0.0058777837226496,ridehail | all:0.0058777837226496; income | all:0.0058777837226496
2040_Ram_1500_4WDc5,4,0,4.5,gasoline,1.0,40000000000.0,Baseline_FASTSimData_Representative_Vehicles_lookup_tables_output/2040_gasoline_Ram_1500_4WDc5_lookup_table.csv.gz,,,,,1,,,,,Car,0.0153938178095726,ridehail | all:0.0153938178095726; income | all:0.0153938178095726
2040_Subaru_Outback_AWDc2,4,0,4.5,electricity,1.0,72300000.00000001,Baseline_FASTSimData_Representative_Vehicles_lookup_tables_output/2040_electric_Subaru_Outback_AWDc2_Charge_Depleting_lookup_table.csv.gz,gasoline,1000.0,Baseline_FASTSimData_Representative_Vehicles_lookup_tables_output/2040_gasoline_Subaru_Outback_AWDc2_Charge_Sustaining_lookup_table.csv.gz,40000000000.0,1,,,,,Car,0.0463395637797461,ridehail | all:0.0463395637797461; income | all:0.0463395637797461
2040_MINI_Cooper_Pacemanc5,4,0,4.5,electricity,1.0,72300000.00000001,Baseline_FASTSimData_Representative_Vehicles_lookup_tables_output/2040_electric_MINI_Cooper_Pacemanc5_Charge_Depleting_lookup_table.csv.gz,gasoline,1000.0,Baseline_FASTSimData_Representative_Vehicles_lookup_tables_output/2040_gasoline_MINI_Cooper_Pacemanc5_Charge_Sustaining_lookup_table.csv.gz,40000000000.0,1,,,,,Car,0.0018684239011529,ridehail | all:0.0018684239011529; income | all:0.0018684239011529
2040_Toyota_Sienna_2WD,4,0,4.5,gasoline,1.0,40000000000.0,Baseline_FASTSimData_Representative_Vehicles_lookup_tables_output/2040_gasoline_Toyota_Sienna_2WD_lookup_table.csv.gz,,,,,1,,,,,Car,0.0098869159774581,ridehail | all:0.0098869159774581; income | all:0.0098869159774581
2040_Tesla_Model_3e6e3e5,4,0,4.5,electricity,1.0,253476666.66666666,Baseline_FASTSimData_Representative_Vehicles_lookup_tables_output/2040_electric_Tesla_Model_3e6e3e5_lookup_table.csv.gz,,,,,1,,,,,Car,0.2922905159677034,ridehail | all:0.2922905159677034; income | all:0.2922905159677034
2040_Toyota_Prius_v,4,0,4.5,gasoline,1.0,40000000000.0,Baseline_FASTSimData_Representative_Vehicles_lookup_tables_output/2040_gasoline_Toyota_Prius_v_lookup_table.csv.gz,,,,,1,,,,,Car,0.0003082642322039,ridehail | all:0.0003082642322039; income | all:0.0003082642322039
2039_Kia_Soulc6,4,0,4.5,hydrogen,1.0,40000000000.0,Baseline_FASTSimData_Representative_Vehicles_lookup_tables_output/2039_hydrogen_Kia_Soulc6_lookup_table.csv.gz,,,,,1,,,,,Car,0.0060647721222334,ridehail | all:0.0060647721222334; income | all:0.0060647721222334
2039_Ram_1500_4WDc5,4,0,4.5,gasoline,1.0,40000000000.0,Baseline_FASTSimData_Representative_Vehicles_lookup_tables_output/2039_gasoline_Ram_1500_4WDc5_lookup_table.csv.gz,,,,,1,,,,,Car,0.0160925323634483,ridehail | all:0.0160925323634483; income | all:0.0160925323634483
2039_Tesla_Model_3e6e3e5,4,0,4.5,electricity,1.0,253476666.66666666,Baseline_FASTSimData_Representative_Vehicles_lookup_tables_output/2039_electric_Tesla_Model_3e6e3e5_lookup_table.csv.gz,,,,,1,,,,,Car,0.2802412023745582,ridehail | all:0.2802412023745582; income | all:0.2802412023745582
2039_Toyota_Highlander_2WD,4,0,4.5,gasoline,1.0,40000000000.0,Baseline_FASTSimData_Representative_Vehicles_lookup_tables_output/2039_gasoline_Toyota_Highlander_2WD_lookup_table.csv.gz,,,,,1,,,,,Car,0.1138523122735043,ridehail | all:0.1138523122735043; income | all:0.1138523122735043
2039_Ford_Transit_Connect_Van_2WDc2,4,0,4.5,electricity,1.0,357636666.6666665,Baseline_FASTSimData_Representative_Vehicles_lookup_tables_output/2039_electric_Ford_Transit_Connect_Van_2WDc2_lookup_table.csv.gz,,,,,1,,,,,Car,0.0009205607223762,ridehail | all:0.0009205607223762; income | all:0.0009205607223762
2039_Ram_1500_4WDc6,4,0,4.5,electricity,1.0,46800000.0,Baseline_FASTSimData_Representative_Vehicles_lookup_tables_output/2039_electric_Ram_1500_4WDc6_Charge_Depleting_lookup_table.csv.gz,gasoline,1000.0,Baseline_FASTSimData_Representative_Vehicles_lookup_tables_output/2039_gasoline_Ram_1500_4WDc6_Charge_Sustaining_lookup_table.csv.gz,40000000000.0,1,,,,,Car,0.0008823676395967,ridehail | all:0.0008823676395967; income | all:0.0008823676395967
2039_Lexus_NX_300h,4,0,4.5,gasoline,1.0,40000000000.0,Baseline_FASTSimData_Representative_Vehicles_lookup_tables_output/2039_gasoline_Lexus_NX_300h_lookup_table.csv.gz,,,,,1,,,,,Car,0.0058186664983183,ridehail | all:0.0058186664983183; income | all:0.0058186664983183
2039_Chrysler_Town_and_Countryc4,4,0,4.5,electricity,1.0,46800000.0,Baseline_FASTSimData_Representative_Vehicles_lookup_tables_output/2039_electric_Chrysler_Town_and_Countryc4_Charge_Depleting_lookup_table.csv.gz,gasoline,1000.0,Baseline_FASTSimData_Representative_Vehicles_lookup_tables_output/2039_gasoline_Chrysler_Town_and_Countryc4_Charge_Sustaining_lookup_table.csv.gz,40000000000.0,1,,,,,Car,0.0026495772455124,ridehail | all:0.0026495772455124; income | all:0.0026495772455124
2039_Toyota_Prius_v,4,0,4.5,gasoline,1.0,40000000000.0,Baseline_FASTSimData_Representative_Vehicles_lookup_tables_output/2039_gasoline_Toyota_Prius_v_lookup_table.csv.gz,,,,,1,,,,,Car,0.0003226040509292,ridehail | all:0.0003226040509292; income | all:0.0003226040509292
2039_Subaru_Outback_AWDc2,4,0,4.5,electricity,1.0,72300000.00000001,Baseline_FASTSimData_Representative_Vehicles_lookup_tables_output/2039_electric_Subaru_Outback_AWDc2_Charge_Depleting_lookup_table.csv.gz,gasoline,1000.0,Baseline_FASTSimData_Representative_Vehicles_lookup_tables_output/2039_gasoline_Subaru_Outback_AWDc2_Charge_Sustaining_lookup_table.csv.gz,40000000000.0,1,,,,,Car,0.0482806708993697,ridehail | all:0.0482806708993697; income | all:0.0482806708993697
2039_BMW_M235ic2,4,0,4.5,electricity,1.0,72300000.00000001,Baseline_FASTSimData_Representative_Vehicles_lookup_tables_output/2039_electric_BMW_M235ic2_Charge_Depleting_lookup_table.csv.gz,gasoline,1000.0,Baseline_FASTSimData_Representative_Vehicles_lookup_tables_output/2039_gasoline_BMW_M235ic2_Charge_Sustaining_lookup_table.csv.gz,40000000000.0,1,,,,,Car,0.0021409511133548,ridehail | all:0.0021409511133548; income | all:0.0021409511133548
2039_Honda_Odysseyc5,4,0,4.5,hydrogen,1.0,40000000000.0,Baseline_FASTSimData_Representative_Vehicles_lookup_tables_output/2039_hydrogen_Honda_Odysseyc5_lookup_table.csv.gz,,,,,1,,,,,Car,0.0017772362923258,ridehail | all:0.0017772362923258; income | all:0.0017772362923258
2039_Honda_CR-V_4WDc5,4,0,4.5,hydrogen,1.0,40000000000.0,Baseline_FASTSimData_Representative_Vehicles_lookup_tables_output/2039_hydrogen_Honda_CR-V_4WDc5_lookup_table.csv.gz,,,,,1,,,,,Car,0.0118569034396252,ridehail | all:0.0118569034396252; income | all:0.0118569034396252
2039_Ford_F150_Pickup_4WDc3,4,0,4.5,electricity,1.0,401518888.88888884,Baseline_FASTSimData_Representative_Vehicles_lookup_tables_output/2039_electric_Ford_F150_Pickup_4WDc3_lookup_table.csv.gz,,,,,1,,,,,Car,0.0044336562568065,ridehail | all:0.0044336562568065; income | all:0.0044336562568065
2039_Toyota_Sienna_2WD,4,0,4.5,gasoline,1.0,40000000000.0,Baseline_FASTSimData_Representative_Vehicles_lookup_tables_output/2039_gasoline_Toyota_Sienna_2WD_lookup_table.csv.gz,,,,,1,,,,,Car,0.0103448944049179,ridehail | all:0.0103448944049179; income | all:0.0103448944049179
2039_Chevrolet_City_Express_Cargo_Van,4,0,4.5,gasoline,1.0,40000000000.0,Baseline_FASTSimData_Representative_Vehicles_lookup_tables_output/2039_gasoline_Chevrolet_City_Express_Cargo_Van_lookup_table.csv.gz,,,,,1,,,,,Car,0.0027300471412832,ridehail | all:0.0027300471412832; income | all:0.0027300471412832
2039_Tesla_Model_Ye5,4,0,4.5,electricity,1.0,328221111.1111111,Baseline_FASTSimData_Representative_Vehicles_lookup_tables_output/2039_electric_Tesla_Model_Ye5_lookup_table.csv.gz,,,,,1,,,,,Car,0.3229526662451718,ridehail | all:0.3229526662451718; income | all:0.3229526662451718
2039_Ford_Fusion_FWD,4,0,4.5,gasoline,1.0,40000000000.0,Baseline_FASTSimData_Representative_Vehicles_lookup_tables_output/2039_gasoline_Ford_Fusion_FWD_lookup_table.csv.gz,,,,,1,,,,,Car,0.1520715657185903,ridehail | all:0.1520715657185903; income | all:0.1520715657185903
2039_Lincoln_MKZ_Hybrid_FWD,4,0,4.5,gasoline,1.0,40000000000.0,Baseline_FASTSimData_Representative_Vehicles_lookup_tables_output/2039_gasoline_Lincoln_MKZ_Hybrid_FWD_lookup_table.csv.gz,,,,,1,,,,,Car,0.0103327521153557,ridehail | all:0.0103327521153557; income | all:0.0103327521153557
2045_Honda_Odysseyc5,4,0,4.5,hydrogen,1.0,40000000000.0,Baseline_FASTSimData_Representative_Vehicles_lookup_tables_output/2045_hydrogen_Honda_Odysseyc5_lookup_table.csv.gz,,,,,1,,,,,Car,0.0015091751408466,ridehail | all:0.0015091751408466; income | all:0.0015091751408466
2045_Ram_1500_4WDc5,4,0,4.5,gasoline,1.0,40000000000.0,Baseline_FASTSimData_Representative_Vehicles_lookup_tables_output/2045_gasoline_Ram_1500_4WDc5_lookup_table.csv.gz,,,,,1,,,,,Car,0.0086240199823693,ridehail | all:0.0086240199823693; income | all:0.0086240199823693
2045_Lexus_NX_300h,4,0,4.5,gasoline,1.0,40000000000.0,Baseline_FASTSimData_Representative_Vehicles_lookup_tables_output/2045_gasoline_Lexus_NX_300h_lookup_table.csv.gz,,,,,1,,,,,Car,0.0043194276703721,ridehail | all:0.0043194276703721; income | all:0.0043194276703721
2045_Chevrolet_City_Express_Cargo_Van,4,0,4.5,gasoline,1.0,40000000000.0,Baseline_FASTSimData_Representative_Vehicles_lookup_tables_output/2045_gasoline_Chevrolet_City_Express_Cargo_Van_lookup_table.csv.gz,,,,,1,,,,,Car,0.0021675589062321,ridehail | all:0.0021675589062321; income | all:0.0021675589062321
2045_Chevrolet_Malibu,4,0,4.5,gasoline,1.0,40000000000.0,Baseline_FASTSimData_Representative_Vehicles_lookup_tables_output/2045_gasoline_Chevrolet_Malibu_lookup_table.csv.gz,,,,,1,,,,,Car,0.1167445758175122,ridehail | all:0.1167445758175122; income | all:0.1167445758175122
2045_BMW_M235ic2,4,0,4.5,electricity,1.0,72300000.00000001,Baseline_FASTSimData_Representative_Vehicles_lookup_tables_output/2045_electric_BMW_M235ic2_Charge_Depleting_lookup_table.csv.gz,gasoline,1000.0,Baseline_FASTSimData_Representative_Vehicles_lookup_tables_output/2045_gasoline_BMW_M235ic2_Charge_Sustaining_lookup_table.csv.gz,40000000000.0,1,,,,,Car,0.0006225848450281,ridehail | all:0.0006225848450281; income | all:0.0006225848450281
2045_Ram_1500_4WDc6,4,0,4.5,electricity,1.0,46800000.0,Baseline_FASTSimData_Representative_Vehicles_lookup_tables_output/2045_electric_Ram_1500_4WDc6_Charge_Depleting_lookup_table.csv.gz,gasoline,1000.0,Baseline_FASTSimData_Representative_Vehicles_lookup_tables_output/2045_gasoline_Ram_1500_4WDc6_Charge_Sustaining_lookup_table.csv.gz,40000000000.0,1,,,,,Car,0.0007077106251441,ridehail | all:0.0007077106251441; income | all:0.0007077106251441
2045_Tesla_Model_Ye3,4,0,4.5,electricity,1.0,328221111.1111111,Baseline_FASTSimData_Representative_Vehicles_lookup_tables_output/2045_electric_Tesla_Model_Ye3_lookup_table.csv.gz,,,,,1,,,,,Car,0.3670741481740123,ridehail | all:0.3670741481740123; income | all:0.3670741481740123
2045_Honda_Odysseyc6,4,0,4.5,electricity,1.0,46800000.0,Baseline_FASTSimData_Representative_Vehicles_lookup_tables_output/2045_electric_Honda_Odysseyc6_Charge_Depleting_lookup_table.csv.gz,gasoline,1000.0,Baseline_FASTSimData_Representative_Vehicles_lookup_tables_output/2045_gasoline_Honda_Odysseyc6_Charge_Sustaining_lookup_table.csv.gz,40000000000.0,1,,,,,Car,0.0014206881589445,ridehail | all:0.0014206881589445; income | all:0.0014206881589445
2045_Subaru_Outback_AWDc2,4,0,4.5,electricity,1.0,72300000.00000001,Baseline_FASTSimData_Representative_Vehicles_lookup_tables_output/2045_electric_Subaru_Outback_AWDc2_Charge_Depleting_lookup_table.csv.gz,gasoline,1000.0,Baseline_FASTSimData_Representative_Vehicles_lookup_tables_output/2045_gasoline_Subaru_Outback_AWDc2_Charge_Sustaining_lookup_table.csv.gz,40000000000.0,1,,,,,Car,0.0396230320535765,ridehail | all:0.0396230320535765; income | all:0.0396230320535765
2045_Kia_Soulc6,4,0,4.5,hydrogen,1.0,40000000000.0,Baseline_FASTSimData_Representative_Vehicles_lookup_tables_output/2045_hydrogen_Kia_Soulc6_lookup_table.csv.gz,,,,,1,,,,,Car,0.0051149357780365,ridehail | all:0.0051149357780365; income | all:0.0051149357780365
2045_Tesla_Model_3e6e3e5,4,0,4.5,electricity,1.0,255887777.77777785,Baseline_FASTSimData_Representative_Vehicles_lookup_tables_output/2045_electric_Tesla_Model_3e6e3e5_lookup_table.csv.gz,,,,,1,,,,,Car,0.3350660811636306,ridehail | all:0.3350660811636306; income | all:0.3350660811636306
2045_Toyota_Prius_v,4,0,4.5,gasoline,1.0,40000000000.0,Baseline_FASTSimData_Representative_Vehicles_lookup_tables_output/2045_gasoline_Toyota_Prius_v_lookup_table.csv.gz,,,,,1,,,,,Car,0.0002542747088752,ridehail | all:0.0002542747088752; income | all:0.0002542747088752
2045_Ford_F150_Pickup_4WDc3,4,0,4.5,electricity,1.0,401518888.88888884,Baseline_FASTSimData_Representative_Vehicles_lookup_tables_output/2045_electric_Ford_F150_Pickup_4WDc3_lookup_table.csv.gz,,,,,1,,,,,Car,0.0045759372547771,ridehail | all:0.0045759372547771; income | all:0.0045759372547771
2045_Ford_Transit_Connect_Van_2WDc2,4,0,4.5,electricity,1.0,357636666.6666665,Baseline_FASTSimData_Representative_Vehicles_lookup_tables_output/2045_electric_Ford_Transit_Connect_Van_2WDc2_lookup_table.csv.gz,,,,,1,,,,,Car,0.0007700878465005,ridehail | all:0.0007700878465005; income | all:0.0007700878465005
2045_GMC_Acadia_FWD,4,0,4.5,gasoline,1.0,40000000000.0,Baseline_FASTSimData_Representative_Vehicles_lookup_tables_output/2045_gasoline_GMC_Acadia_FWD_lookup_table.csv.gz,,,,,1,,,,,Car,0.07976147137728,ridehail | all:0.07976147137728; income | all:0.07976147137728
2045_Honda_CR-V_4WDc5,4,0,4.5,hydrogen,1.0,40000000000.0,Baseline_FASTSimData_Representative_Vehicles_lookup_tables_output/2045_hydrogen_Honda_CR-V_4WDc5_lookup_table.csv.gz,,,,,1,,,,,Car,0.0107512666511522,ridehail | all:0.0107512666511522; income | all:0.0107512666511522
2045_Toyota_Sienna_2WD,4,0,4.5,gasoline,1.0,40000000000.0,Baseline_FASTSimData_Representative_Vehicles_lookup_tables_output/2045_gasoline_Toyota_Sienna_2WD_lookup_table.csv.gz,,,,,1,,,,,Car,0.0082080265228692,ridehail | all:0.0082080265228692; income | all:0.0082080265228692
2045_Buick_Regal_eAssist,4,0,4.5,gasoline,1.0,40000000000.0,Baseline_FASTSimData_Representative_Vehicles_lookup_tables_output/2045_gasoline_Buick_Regal_eAssist_lookup_table.csv.gz,,,,,1,,,,,Car,0.0071568651788654,ridehail | all:0.0071568651788654; income | all:0.0071568651788654
2016_Ford_Fusion_AWD,4,0,4.5,gasoline,1.0,40000000000.0,Baseline_FASTSimData_Representative_Vehicles_lookup_tables_output/2016_gasoline_Ford_Fusion_AWD_lookup_table.csv.gz,,,,,1,,,,,Car,0.4112687103735996,ridehail | all:0.4112687103735996; income | all:0.4112687103735996
2016_Chevrolet_Silverado_C15_2WD,4,0,4.5,gasoline,1.0,40000000000.0,Baseline_FASTSimData_Representative_Vehicles_lookup_tables_output/2016_gasoline_Chevrolet_Silverado_C15_2WD_lookup_table.csv.gz,,,,,1,,,,,Car,0.0824876597057831,ridehail | all:0.0824876597057831; income | all:0.0824876597057831
2016_Infiniti_QX60_Hybrid_FWD,4,0,4.5,gasoline,1.0,40000000000.0,Baseline_FASTSimData_Representative_Vehicles_lookup_tables_output/2016_gasoline_Infiniti_QX60_Hybrid_FWD_lookup_table.csv.gz,,,,,1,,,,,Car,0.0092148220541846,ridehail | all:0.0092148220541846; income | all:0.0092148220541846
2016_Tesla_Model_X_AWD_90D,4,0,4.5,electricity,1.0,301319999.99999994,Baseline_FASTSimData_Representative_Vehicles_lookup_tables_output/2016_electric_Tesla_Model_X_AWD_90D_lookup_table.csv.gz,,,,,1,,,,,Car,0.0056266292473837,ridehail | all:0.0056266292473837; income | all:0.0056266292473837
2016_Toyota_Sienna_2WD,4,0,4.5,gasoline,1.0,40000000000.0,Baseline_FASTSimData_Representative_Vehicles_lookup_tables_output/2016_gasoline_Toyota_Sienna_2WD_lookup_table.csv.gz,,,,,1,,,,,Car,0.0323874220396062,ridehail | all:0.0323874220396062; income | all:0.0323874220396062
2016_Toyota_Mirai,4,0,4.5,hydrogen,1.0,40000000000.0,Baseline_FASTSimData_Representative_Vehicles_lookup_tables_output/2016_hydrogen_Toyota_Mirai_lookup_table.csv.gz,,,,,1,,,,,Car,0.0006726510675623,ridehail | all:0.0006726510675623; income | all:0.0006726510675623
2016_Buick_Regal_eAssist,4,0,4.5,gasoline,1.0,40000000000.0,Baseline_FASTSimData_Representative_Vehicles_lookup_tables_output/2016_gasoline_Buick_Regal_eAssist_lookup_table.csv.gz,,,,,1,,,,,Car,0.0293777142261344,ridehail | all:0.0293777142261344; income | all:0.0293777142261344
2016_Toyota_Prius_v,4,0,4.5,gasoline,1.0,40000000000.0,Baseline_FASTSimData_Representative_Vehicles_lookup_tables_output/2016_gasoline_Toyota_Prius_v_lookup_table.csv.gz,,,,,1,,,,,Car,0.0009552275539751,ridehail | all:0.0009552275539751; income | all:0.0009552275539751
2016_Chevrolet_City_Express_Cargo_Van,4,0,4.5,gasoline,1.0,40000000000.0,Baseline_FASTSimData_Representative_Vehicles_lookup_tables_output/2016_gasoline_Chevrolet_City_Express_Cargo_Van_lookup_table.csv.gz,,,,,1,,,,,Car,0.0111250325140776,ridehail | all:0.0111250325140776; income | all:0.0111250325140776
2016_Chevrolet_Volt,4,0,4.5,electricity,1.0,46170000.00000001,Baseline_FASTSimData_Representative_Vehicles_lookup_tables_output/2016_electric_Chevrolet_Volt_Charge_Depleting_lookup_table.csv.gz,gasoline,1000.0,Baseline_FASTSimData_Representative_Vehicles_lookup_tables_output/2016_gasoline_Chevrolet_Volt_Charge_Sustaining_lookup_table.csv.gz,40000000000.0,1,,,,,Car,0.0257507050299362,ridehail | all:0.0257507050299362; income | all:0.0257507050299362
2016_Porsche_Cayenne_S_e-Hybrid,4,0,4.5,electricity,1.0,29160000.000000004,Baseline_FASTSimData_Representative_Vehicles_lookup_tables_output/2016_electric_Porsche_Cayenne_S_e-Hybrid_Charge_Depleting_lookup_table.csv.gz,gasoline,1000.0,Baseline_FASTSimData_Representative_Vehicles_lookup_tables_output/2016_gasoline_Porsche_Cayenne_S_e-Hybrid_Charge_Sustaining_lookup_table.csv.gz,40000000000.0,1,,,,,Car,2.946786999867911e-06,ridehail | all:2.946786999867911e-06; income | all:2.946786999867911e-06
2016_Tesla_Model_S_70D,4,0,4.5,electricity,1.0,234359999.99999997,Baseline_FASTSimData_Representative_Vehicles_lookup_tables_output/2016_electric_Tesla_Model_S_70D_lookup_table.csv.gz,,,,,1,,,,,Car,0.0341207030807654,ridehail | all:0.0341207030807654; income | all:0.0341207030807654
2016_Toyota_Highlander_2WD,4,0,4.5,gasoline,1.0,40000000000.0,Baseline_FASTSimData_Representative_Vehicles_lookup_tables_output/2016_gasoline_Toyota_Highlander_2WD_lookup_table.csv.gz,,,,,1,,,,,Car,0.356372159546565,ridehail | all:0.356372159546565; income | all:0.356372159546565
2024_Buick_LaCrosse_eAssist,4,0,4.5,gasoline,1.0,40000000000.0,Baseline_FASTSimData_Representative_Vehicles_lookup_tables_output/2024_gasoline_Buick_LaCrosse_eAssist_lookup_table.csv.gz,,,,,1,,,,,Car,0.0227063318369102,ridehail | all:0.0227063318369102; income | all:0.0227063318369102
2024_Honda_Clarity_FCV,4,0,4.5,hydrogen,1.0,40000000000.0,Baseline_FASTSimData_Representative_Vehicles_lookup_tables_output/2024_hydrogen_Honda_Clarity_FCV_lookup_table.csv.gz,,,,,1,,,,,Car,0.0026448197765334,ridehail | all:0.0026448197765334; income | all:0.0026448197765334
2024_Toyota_Highlander_2WD,4,0,4.5,gasoline,1.0,40000000000.0,Baseline_FASTSimData_Representative_Vehicles_lookup_tables_output/2024_gasoline_Toyota_Highlander_2WD_lookup_table.csv.gz,,,,,1,,,,,Car,0.2782346233377975,ridehail | all:0.2782346233377975; income | all:0.2782346233377975
2024_Tesla_Model_Y,4,0,4.5,electricity,1.0,247751999.99999997,Baseline_FASTSimData_Representative_Vehicles_lookup_tables_output/2024_electric_Tesla_Model_Y_lookup_table.csv.gz,,,,,1,,,,,Car,0.0989652195571424,ridehail | all:0.0989652195571424; income | all:0.0989652195571424
2024_Infiniti_QX60_Hybrid_FWD,4,0,4.5,gasoline,1.0,40000000000.0,Baseline_FASTSimData_Representative_Vehicles_lookup_tables_output/2024_gasoline_Infiniti_QX60_Hybrid_FWD_lookup_table.csv.gz,,,,,1,,,,,Car,0.007187779306167,ridehail | all:0.007187779306167; income | all:0.007187779306167
2024_Toyota_RAV4_AWDc4,4,0,4.5,hydrogen,1.0,40000000000.0,Baseline_FASTSimData_Representative_Vehicles_lookup_tables_output/2024_hydrogen_Toyota_RAV4_AWDc4_lookup_table.csv.gz,,,,,1,,,,,Car,0.0060582637425521,ridehail | all:0.0060582637425521; income | all:0.0060582637425521
2024_Honda_Odysseyc5,4,0,4.5,electricity,1.0,311343333.3333332,Baseline_FASTSimData_Representative_Vehicles_lookup_tables_output/2024_electric_Honda_Odysseyc5_lookup_table.csv.gz,,,,,1,,,,,Car,0.0061619428593332,ridehail | all:0.0061619428593332; income | all:0.0061619428593332
2024_Ram_1500_4WDc6,4,0,4.5,electricity,1.0,46800000.0,Baseline_FASTSimData_Representative_Vehicles_lookup_tables_output/2024_electric_Ram_1500_4WDc6_Charge_Depleting_lookup_table.csv.gz,gasoline,1000.0,Baseline_FASTSimData_Representative_Vehicles_lookup_tables_output/2024_gasoline_Ram_1500_4WDc6_Charge_Sustaining_lookup_table.csv.gz,40000000000.0,1,,,,,Car,0.0028338151748652,ridehail | all:0.0028338151748652; income | all:0.0028338151748652
2024_Honda_CR-V_4WDc3,4,0,4.5,electricity,1.0,46800000.0,Baseline_FASTSimData_Representative_Vehicles_lookup_tables_output/2024_electric_Honda_CR-V_4WDc3_Charge_Depleting_lookup_table.csv.gz,gasoline,1000.0,Baseline_FASTSimData_Representative_Vehicles_lookup_tables_output/2024_gasoline_Honda_CR-V_4WDc3_Charge_Sustaining_lookup_table.csv.gz,40000000000.0,1,,,,,Car,0.079324831118101,ridehail | all:0.079324831118101; income | all:0.079324831118101
2024_Tesla_Model_3,4,0,4.5,electricity,1.0,266165999.99999997,Baseline_FASTSimData_Representative_Vehicles_lookup_tables_output/2024_electric_Tesla_Model_3_lookup_table.csv.gz,,,,,1,,,,,Car,0.0384225596063936,ridehail | all:0.0384225596063936; income | all:0.0384225596063936
2024_Chevrolet_City_Express_Cargo_Van,4,0,4.5,gasoline,1.0,40000000000.0,Baseline_FASTSimData_Representative_Vehicles_lookup_tables_output/2024_gasoline_Chevrolet_City_Express_Cargo_Van_lookup_table.csv.gz,,,,,1,,,,,Car,0.0068598928350009,ridehail | all:0.0068598928350009; income | all:0.0068598928350009
2024_Kia_Optima,4,0,4.5,gasoline,1.0,40000000000.0,Baseline_FASTSimData_Representative_Vehicles_lookup_tables_output/2024_gasoline_Kia_Optima_lookup_table.csv.gz,,,,,1,,,,,Car,0.3591901172306292,ridehail | all:0.3591901172306292; income | all:0.3591901172306292
2024_Audi_S3c6,4,0,4.5,electricity,1.0,43200000.0,Baseline_FASTSimData_Representative_Vehicles_lookup_tables_output/2024_electric_Audi_S3c6_Charge_Depleting_lookup_table.csv.gz,gasoline,1000.0,Baseline_FASTSimData_Representative_Vehicles_lookup_tables_output/2024_gasoline_Audi_S3c6_Charge_Sustaining_lookup_table.csv.gz,40000000000.0,1,,,,,Car,0.0059584139443075,ridehail | all:0.0059584139443075; income | all:0.0059584139443075
2024_Toyota_Prius_v,4,0,4.5,gasoline,1.0,40000000000.0,Baseline_FASTSimData_Representative_Vehicles_lookup_tables_output/2024_gasoline_Toyota_Prius_v_lookup_table.csv.gz,,,,,1,,,,,Car,0.0006838819042376,ridehail | all:0.0006838819042376; income | all:0.0006838819042376
2024_Toyota_Sienna_2WD,4,0,4.5,gasoline,1.0,40000000000.0,Baseline_FASTSimData_Representative_Vehicles_lookup_tables_output/2024_gasoline_Toyota_Sienna_2WD_lookup_table.csv.gz,,,,,1,,,,,Car,0.0230258749308229,ridehail | all:0.0230258749308229; income | all:0.0230258749308229
2024_Chevrolet_Silverado_K15_4WD,4,0,4.5,gasoline,1.0,40000000000.0,Baseline_FASTSimData_Representative_Vehicles_lookup_tables_output/2024_gasoline_Chevrolet_Silverado_K15_4WD_lookup_table.csv.gz,,,,,1,,,,,Car,0.0497304149423568,ridehail | all:0.0497304149423568; income | all:0.0497304149423568
2024_Chrysler_Town_and_Countryc4,4,0,4.5,electricity,1.0,46800000.0,Baseline_FASTSimData_Representative_Vehicles_lookup_tables_output/2024_electric_Chrysler_Town_and_Countryc4_Charge_Depleting_lookup_table.csv.gz,gasoline,1000.0,Baseline_FASTSimData_Representative_Vehicles_lookup_tables_output/2024_gasoline_Chrysler_Town_and_Countryc4_Charge_Sustaining_lookup_table.csv.gz,40000000000.0,1,,,,,Car,0.0081641866750697,ridehail | all:0.0081641866750697; income | all:0.0081641866750697
2019_Toyota_Highlander_2WD,4,0,4.5,gasoline,1.0,40000000000.0,Baseline_FASTSimData_Representative_Vehicles_lookup_tables_output/2019_gasoline_Toyota_Highlander_2WD_lookup_table.csv.gz,,,,,1,,,,,Car,0.3278213434285188,ridehail | all:0.3278213434285188; income | all:0.3278213434285188
2019_Honda_Odysseyc5,4,0,4.5,electricity,1.0,311343333.3333332,Baseline_FASTSimData_Representative_Vehicles_lookup_tables_output/2019_electric_Honda_Odysseyc5_lookup_table.csv.gz,,,,,1,,,,,Car,0.0086092855071985,ridehail | all:0.0086092855071985; income | all:0.0086092855071985
2019_Toyota_RAV4_AWDc4,4,0,4.5,electricity,1.0,272283333.33333325,Baseline_FASTSimData_Representative_Vehicles_lookup_tables_output/2019_electric_Toyota_RAV4_AWDc4_lookup_table.csv.gz,,,,,1,,,,,Car,0.0173197281723589,ridehail | all:0.0173197281723589; income | all:0.0173197281723589
2019_Buick_LaCrosse_eAssist,4,0,4.5,gasoline,1.0,40000000000.0,Baseline_FASTSimData_Representative_Vehicles_lookup_tables_output/2019_gasoline_Buick_LaCrosse_eAssist_lookup_table.csv.gz,,,,,1,,,,,Car,0.0279485263596213,ridehail | all:0.0279485263596213; income | all:0.0279485263596213
2019_Honda_Clarity_FCV,4,0,4.5,hydrogen,1.0,40000000000.0,Baseline_FASTSimData_Representative_Vehicles_lookup_tables_output/2019_hydrogen_Honda_Clarity_FCV_lookup_table.csv.gz,,,,,1,,,,,Car,0.0011569749666232,ridehail | all:0.0011569749666232; income | all:0.0011569749666232
2019_Ram_1500_4WDc6,4,0,4.5,electricity,1.0,46800000.0,Baseline_FASTSimData_Representative_Vehicles_lookup_tables_output/2019_electric_Ram_1500_4WDc6_Charge_Depleting_lookup_table.csv.gz,gasoline,1000.0,Baseline_FASTSimData_Representative_Vehicles_lookup_tables_output/2019_gasoline_Ram_1500_4WDc6_Charge_Sustaining_lookup_table.csv.gz,40000000000.0,1,,,,,Car,0.0025703195675492,ridehail | all:0.0025703195675492; income | all:0.0025703195675492
2019_Honda_Odysseyc6,4,0,4.5,electricity,1.0,46800000.0,Baseline_FASTSimData_Representative_Vehicles_lookup_tables_output/2019_electric_Honda_Odysseyc6_Charge_Depleting_lookup_table.csv.gz,gasoline,1000.0,Baseline_FASTSimData_Representative_Vehicles_lookup_tables_output/2019_gasoline_Honda_Odysseyc6_Charge_Sustaining_lookup_table.csv.gz,40000000000.0,1,,,,,Car,0.0051370215915404,ridehail | all:0.0051370215915404; income | all:0.0051370215915404
2019_Chevrolet_Silverado_C15_2WD,4,0,4.5,gasoline,1.0,40000000000.0,Baseline_FASTSimData_Representative_Vehicles_lookup_tables_output/2019_gasoline_Chevrolet_Silverado_C15_2WD_lookup_table.csv.gz,,,,,1,,,,,Car,0.0674575845936543,ridehail | all:0.0674575845936543; income | all:0.0674575845936543
2019_Toyota_Sienna_2WD,4,0,4.5,gasoline,1.0,40000000000.0,Baseline_FASTSimData_Representative_Vehicles_lookup_tables_output/2019_gasoline_Toyota_Sienna_2WD_lookup_table.csv.gz,,,,,1,,,,,Car,0.0299261289292713,ridehail | all:0.0299261289292713; income | all:0.0299261289292713
2019_Audi_S3c6,4,0,4.5,electricity,1.0,43200000.0,Baseline_FASTSimData_Representative_Vehicles_lookup_tables_output/2019_electric_Audi_S3c6_Charge_Depleting_lookup_table.csv.gz,gasoline,1000.0,Baseline_FASTSimData_Representative_Vehicles_lookup_tables_output/2019_gasoline_Audi_S3c6_Charge_Sustaining_lookup_table.csv.gz,40000000000.0,1,,,,,Car,0.0029493000911137,ridehail | all:0.0029493000911137; income | all:0.0029493000911137
2019_Honda_CR-V_4WDc3,4,0,4.5,electricity,1.0,46800000.0,Baseline_FASTSimData_Representative_Vehicles_lookup_tables_output/2019_electric_Honda_CR-V_4WDc3_Charge_Depleting_lookup_table.csv.gz,gasoline,1000.0,Baseline_FASTSimData_Representative_Vehicles_lookup_tables_output/2019_gasoline_Honda_CR-V_4WDc3_Charge_Sustaining_lookup_table.csv.gz,40000000000.0,1,,,,,Car,0.0258650880504686,ridehail | all:0.0258650880504686; income | all:0.0258650880504686
2019_Tesla_Model_S_(60_kW-hr_battery_pack),4,0,4.5,electricity,1.0,234359999.99999997,Baseline_FASTSimData_Representative_Vehicles_lookup_tables_output/2019_electric_Tesla_Model_S_(60_kW-hr_battery_pack)_lookup_table.csv.gz,,,,,1,,,,,Car,0.0667088561989215,ridehail | all:0.0667088561989215; income | all:0.0667088561989215
2019_Infiniti_QX60_Hybrid_FWD,4,0,4.5,gasoline,1.0,40000000000.0,Baseline_FASTSimData_Representative_Vehicles_lookup_tables_output/2019_gasoline_Infiniti_QX60_Hybrid_FWD_lookup_table.csv.gz,,,,,1,,,,,Car,0.0083133600380019,ridehail | all:0.0083133600380019; income | all:0.0083133600380019
2019_Toyota_Prius_v,4,0,4.5,gasoline,1.0,40000000000.0,Baseline_FASTSimData_Representative_Vehicles_lookup_tables_output/2019_gasoline_Toyota_Prius_v_lookup_table.csv.gz,,,,,1,,,,,Car,0.000869938534031,ridehail | all:0.000869938534031; income | all:0.000869938534031
2019_Chevrolet_Malibu,4,0,4.5,gasoline,1.0,40000000000.0,Baseline_FASTSimData_Representative_Vehicles_lookup_tables_output/2019_gasoline_Chevrolet_Malibu_lookup_table.csv.gz,,,,,1,,,,,Car,0.3967855461488694,ridehail | all:0.3967855461488694; income | all:0.3967855461488694
2019_Chevrolet_City_Express_Cargo_Van,4,0,4.5,gasoline,1.0,40000000000.0,Baseline_FASTSimData_Representative_Vehicles_lookup_tables_output/2019_gasoline_Chevrolet_City_Express_Cargo_Van_lookup_table.csv.gz,,,,,1,,,,,Car,0.0090201340475242,ridehail | all:0.0090201340475242; income | all:0.0090201340475242
2019_Hyundai_Tucson_Fuel_Cell,4,0,4.5,hydrogen,1.0,40000000000.0,Baseline_FASTSimData_Representative_Vehicles_lookup_tables_output/2019_hydrogen_Hyundai_Tucson_Fuel_Cell_lookup_table.csv.gz,,,,,1,,,,,Car,0.0003685026700141,ridehail | all:0.0003685026700141; income | all:0.0003685026700141
2021_Honda_Clarity_FCV,4,0,4.5,hydrogen,1.0,40000000000.0,Baseline_FASTSimData_Representative_Vehicles_lookup_tables_output/2021_hydrogen_Honda_Clarity_FCV_lookup_table.csv.gz,,,,,1,,,,,Car,0.0019155923322876,ridehail | all:0.0019155923322876; income | all:0.0019155923322876
2021_Toyota_Highlander_2WD,4,0,4.5,gasoline,1.0,40000000000.0,Baseline_FASTSimData_Representative_Vehicles_lookup_tables_output/2021_gasoline_Toyota_Highlander_2WD_lookup_table.csv.gz,,,,,1,,,,,Car,0.2914717599908626,ridehail | all:0.2914717599908626; income | all:0.2914717599908626
2021_Honda_CR-V_4WDc3,4,0,4.5,electricity,1.0,46800000.0,Baseline_FASTSimData_Representative_Vehicles_lookup_tables_output/2021_electric_Honda_CR-V_4WDc3_Charge_Depleting_lookup_table.csv.gz,gasoline,1000.0,Baseline_FASTSimData_Representative_Vehicles_lookup_tables_output/2021_gasoline_Honda_CR-V_4WDc3_Charge_Sustaining_lookup_table.csv.gz,40000000000.0,1,,,,,Car,0.0322924267854439,ridehail | all:0.0322924267854439; income | all:0.0322924267854439
2021_Tesla_Model_Y,4,0,4.5,electricity,1.0,247751999.99999997,Baseline_FASTSimData_Representative_Vehicles_lookup_tables_output/2021_electric_Tesla_Model_Y_lookup_table.csv.gz,,,,,1,,,,,Car,0.0872382799111158,ridehail | all:0.0872382799111158; income | all:0.0872382799111158
2021_Tesla_Model_S_(60_kW-hr_battery_pack),4,0,4.5,electricity,1.0,234359999.99999997,Baseline_FASTSimData_Representative_Vehicles_lookup_tables_output/2021_electric_Tesla_Model_S_(60_kW-hr_battery_pack)_lookup_table.csv.gz,,,,,1,,,,,Car,0.0625712756514243,ridehail | all:0.0625712756514243; income | all:0.0625712756514243
2021_Kia_Optima,4,0,4.5,gasoline,1.0,40000000000.0,Baseline_FASTSimData_Representative_Vehicles_lookup_tables_output/2021_gasoline_Kia_Optima_lookup_table.csv.gz,,,,,1,,,,,Car,0.3702058454541801,ridehail | all:0.3702058454541801; income | all:0.3702058454541801
2021_Chevrolet_Silverado_C15_2WD,4,0,4.5,gasoline,1.0,40000000000.0,Baseline_FASTSimData_Representative_Vehicles_lookup_tables_output/2021_gasoline_Chevrolet_Silverado_C15_2WD_lookup_table.csv.gz,,,,,1,,,,,Car,0.0587174813422345,ridehail | all:0.0587174813422345; income | all:0.0587174813422345
2021_Honda_Odysseyc5,4,0,4.5,electricity,1.0,311343333.3333332,Baseline_FASTSimData_Representative_Vehicles_lookup_tables_output/2021_electric_Honda_Odysseyc5_lookup_table.csv.gz,,,,,1,,,,,Car,0.012623598831325,ridehail | all:0.012623598831325; income | all:0.012623598831325
2021_Ram_1500_4WDc6,4,0,4.5,electricity,1.0,46800000.0,Baseline_FASTSimData_Representative_Vehicles_lookup_tables_output/2021_electric_Ram_1500_4WDc6_Charge_Depleting_lookup_table.csv.gz,gasoline,1000.0,Baseline_FASTSimData_Representative_Vehicles_lookup_tables_output/2021_gasoline_Ram_1500_4WDc6_Charge_Sustaining_lookup_table.csv.gz,40000000000.0,1,,,,,Car,0.0027294082540413,ridehail | all:0.0027294082540413; income | all:0.0027294082540413
2021_Honda_Odysseyc6,4,0,4.5,electricity,1.0,46800000.0,Baseline_FASTSimData_Representative_Vehicles_lookup_tables_output/2021_electric_Honda_Odysseyc6_Charge_Depleting_lookup_table.csv.gz,gasoline,1000.0,Baseline_FASTSimData_Representative_Vehicles_lookup_tables_output/2021_gasoline_Honda_Odysseyc6_Charge_Sustaining_lookup_table.csv.gz,40000000000.0,1,,,,,Car,0.0051509413507948,ridehail | all:0.0051509413507948; income | all:0.0051509413507948
2021_Toyota_Prius_v,4,0,4.5,gasoline,1.0,40000000000.0,Baseline_FASTSimData_Representative_Vehicles_lookup_tables_output/2021_gasoline_Toyota_Prius_v_lookup_table.csv.gz,,,,,1,,,,,Car,0.0008120975435832,ridehail | all:0.0008120975435832; income | all:0.0008120975435832
2021_Kia_Optimac4,4,0,4.5,electricity,1.0,46800000.0,Baseline_FASTSimData_Representative_Vehicles_lookup_tables_output/2021_electric_Kia_Optimac4_Charge_Depleting_lookup_table.csv.gz,gasoline,1000.0,Baseline_FASTSimData_Representative_Vehicles_lookup_tables_output/2021_gasoline_Kia_Optimac4_Charge_Sustaining_lookup_table.csv.gz,40000000000.0,1,,,,,Car,0.0059269253453681,ridehail | all:0.0059269253453681; income | all:0.0059269253453681
2021_Chevrolet_City_Express_Cargo_Van,4,0,4.5,gasoline,1.0,40000000000.0,Baseline_FASTSimData_Representative_Vehicles_lookup_tables_output/2021_gasoline_Chevrolet_City_Express_Cargo_Van_lookup_table.csv.gz,,,,,1,,,,,Car,0.0076792100877539,ridehail | all:0.0076792100877539; income | all:0.0076792100877539
2021_Infiniti_QX60_Hybrid_FWD,4,0,4.5,gasoline,1.0,40000000000.0,Baseline_FASTSimData_Representative_Vehicles_lookup_tables_output/2021_gasoline_Infiniti_QX60_Hybrid_FWD_lookup_table.csv.gz,,,,,1,,,,,Car,0.0079031011468855,ridehail | all:0.0079031011468855; income | all:0.0079031011468855
2021_Buick_LaCrosse_eAssist,4,0,4.5,gasoline,1.0,40000000000.0,Baseline_FASTSimData_Representative_Vehicles_lookup_tables_output/2021_gasoline_Buick_LaCrosse_eAssist_lookup_table.csv.gz,,,,,1,,,,,Car,0.0262566761711619,ridehail | all:0.0262566761711619; income | all:0.0262566761711619
2021_Toyota_Sienna_2WD,4,0,4.5,gasoline,1.0,40000000000.0,Baseline_FASTSimData_Representative_Vehicles_lookup_tables_output/2021_gasoline_Toyota_Sienna_2WD_lookup_table.csv.gz,,,,,1,,,,,Car,0.0248269504950629,ridehail | all:0.0248269504950629; income | all:0.0248269504950629
2021_Hyundai_Tucson_Fuel_Cell,4,0,4.5,hydrogen,1.0,40000000000.0,Baseline_FASTSimData_Representative_Vehicles_lookup_tables_output/2021_hydrogen_Hyundai_Tucson_Fuel_Cell_lookup_table.csv.gz,,,,,1,,,,,Car,0.0006137147071197,ridehail | all:0.0006137147071197; income | all:0.0006137147071197
BODY-TYPE-DEFAULT,0,0,0.5,Food,53.0,2210000.0,,,,,,,,,,,Body,,
BIKE-DEFAULT,2,0,1.5,gasoline,10.6,2210000.0,,,,,,,5.0,,,,Bike,1.0,
BUS-DEFAULT,37,20,12.1,diesel,20048.0,30000000000.0,,,,,,,,,,,MediumDutyPassenger,,
RAIL-DEFAULT,801,2052,129.6,diesel,210518.32,600000000000.0,,,,,,,,,,,MediumDutyPassenger,,
FERRY-DEFAULT,149,0,26.0,diesel,701680.0,12000000000000.0,,,,,,,,,,,MediumDutyPassenger,,
SUBWAY-DEFAULT,336,864,129.6,electricity,46800.0,46800000000.0,,,,,,,,,,,MediumDutyPassenger,,
CABLE_CAR-DEFAULT,29,31,8.4,electricity,1116.0,1116000000.0,,,,,,,,,,,MediumDutyPassenger,,
TRAM-DEFAULT,58,19,14.0,electricity,3600.0,3600000000.0,,,,,,,,,,,MediumDutyPassenger,,
BUS-AC,37,20,12.1,diesel,20048.0,30000000000.0,,,,,,,,,,,MediumDutyPassenger,,
BUS-AY,33,20,10.7,diesel,19582.6,30000000000.0,,,,,,,,,,,MediumDutyPassenger,,
SUBWAY-BA,336,864,129.6,electricity,46800.0,46800000000.0,,,,,,,,,,,MediumDutyPassenger,,
RAIL-AM,801,2052,129.6,diesel,210518.32,600000000000.0,,,,,,,,,,,MediumDutyPassenger,,
BUS-CC,41,32,12.192,biodiesel,18046.54029,30000000000.0,,,,,,,,,,,MediumDutyPassenger,,
TRAIN-CE,650,210,155.0,diesel,210518.32,211000000000.0,,,,,,,,,,,MediumDutyPassenger,,
BUS-CM,33,20,10.7,diesel,19582.6,30000000000.0,,,,,,,,,,,MediumDutyPassenger,,
TRAIN-CT,650,220,126.0,diesel,210518.32,211000000000.0,,,,,,,,,,,MediumDutyPassenger,,
BUS-CT,36,45,12.19,diesel,17470.4,30000000000.0,,,,,,,,,,,MediumDutyPassenger,,
BUS-DE,41,32,12.2,biodiesel,18043.5,30000000000.0,,,,,,,,,,,MediumDutyPassenger,,
BUS-FS,36,45,12.19,diesel,17470.4,30000000000.0,,,,,,,,,,,MediumDutyPassenger,,
FERRY-HF,149,0,26.0,diesel,701680.0,12000000000000.0,,,,,,,,,,,MediumDutyPassenger,,
BUS-GG,36,45,12.19,diesel,17470.4,30000000000.0,,,,,,,,,,,MediumDutyPassenger,,
BUS-MA,34,14,9.4,gasoline,12380.4,30000000000.0,,,,,,,,,,,MediumDutyPassenger,,
BUS-MS,42,13,12.5,electricity,4500.0,30000000000.0,,,,,,,,,,,MediumDutyPassenger,,
BUS-PE,33,20,10.7,diesel,19582.6,30000000000.0,,,,,,,,,,,MediumDutyPassenger,,
BUS-RV,19,6,7.32,biodiesel,10823.23995,30000000000.0,,,,,,,,,,,MediumDutyPassenger,,
BUS-VTA,41,32,12.2,biodiesel,18043.5,30000000000.0,,,,,,,,,,,MediumDutyPassenger,,
BUS-SF,69,51,18.6,diesel,30958.36862,30000000000.0,,,,,,,,,,,MediumDutyPassenger,,
CABLE_CAR-SF,29,31,8.4,electricity,1116.0,1116000000.0,,,,,,,,,,,MediumDutyPassenger,,
TRAM-SF,58,19,14.0,electricity,3600.0,3600000000.0,,,,,,,,,,,MediumDutyPassenger,,
BUS-SM,39,35,12.8,diesel,17763.96,30000000000.0,,,,,,,,,,,MediumDutyPassenger,,
BUS-SO,43,34,12.5,biodiesel,20607.2985,30000000000.0,,,,,,,,,,,MediumDutyPassenger,,
BUS-SR,36,45,12.19,diesel,17470.4,30000000000.0,,,,,,,,,,,MediumDutyPassenger,,
BUS-ST,58,31,13.76,diesel,26313.0,30000000000.0,,,,,,,,,,,MediumDutyPassenger,,
BUS-VC,30,10,10.668,biodiesel,23858.01301,30000000000.0,,,,,,,,,,,MediumDutyPassenger,,
BUS-VN,33,20,10.7,diesel,19582.6,30000000000.0,,,,,,,,,,,MediumDutyPassenger,,
BUS-WC,39,34,12.2,diesel,14773.1163,30000000000.0,,,,,,,,,,,MediumDutyPassenger,,
BUS-WH,33,20,10.7,diesel,19582.6,30000000000.0,,,,,,,,,,,MediumDutyPassenger,,
RH_2018_Toyota_Prius_v,4,0,4.5,gasoline,1.0,40000000000.0,Baseline_FASTSimData_Representative_Vehicles_lookup_tables_output/2018_gasoline_Toyota_Prius_v_lookup_table.csv.gz,,,,,1,,,,,Car,0.0008742877200614,ridehail | all:0.0008742877200614; income | all:0.0008742877200614
